X0,Y0,Y1,Y2,Y3,Y4
1,44.1011,88.8226,110.0212,57.7500,95.6700
2,42.6504,89.1760,108.3587,63.5000,94.4000
3,41.7952,87.4131,102.7700,62.0000,95.9000
4,41.3615,84.9390,100.7213,53.5000,91.7200
5,40.7914,83.0137,100.9163,45.0000,81.1600
6,40.5242,81.8360,103.3094,55.0000,87.0400
7,40.2849,83.2114,100.7162,53.2500,87.1000
8,40.3084,86.5501,101.2425,41.0000,81.6400
9,40.1031,86.0181,102.9481,46.0000,82.3300
10,40.0679,83.1611,101.9656,37.5000,80.2000
11,40.0430,81.1663,96.9962,39.0000,77.0500
12,40.3012,82.4542,99.7050,38.0000,76.4400
13,40.1524,86.0422,103.5813,34.2500,85.2800
14,40.2646,86.6321,105.5425,41.2500,89.3700
15,40.1647,83.4775,99.5256,39.5000,78.8100
16,40.2051,81.3351,96.1319,27.5000,73.1100
17,43.4044,85.8343,103.4431,40.0000,85.0100
18,42.6661,88.3185,108.7800,68.0000,104.1100
19,41.9285,88.4829,108.1087,65.5000,95.9100
20,41.3267,83.9147,99.3363,55.5000,83.8100
21,40.8983,80.8171,99.1581,33.2500,71.6400
22,40.5470,83.8847,103.9713,46.5000,86.9500
23,40.3097,87.8110,106.2894,57.2500,93.6000
24,39.9351,86.8493,99.4219,43.7500,78.8500
25,39.6392,82.3131,95.8112,45.7500,72.7200
26,39.7008,80.3389,98.6738,33.0000,67.8000
27,39.8670,81.3642,104.2412,48.2500,90.7300
28,40.1437,84.6211,103.0694,36.0000,78.9400
29,40.3220,86.6006,100.2956,33.5000,76.2900
30,40.2705,84.2008,97.3056,33.0000,73.6800
31,40.4642,82.5936,99.4569,45.7500,83.0200
32,42.9990,84.7964,107.9662,60.2500,96.2700
33,42.0181,86.6036,108.2081,71.5000,92.1800
34,41.4969,87.1837,101.9881,55.7500,81.5200
35,41.1567,86.6033,100.5675,52.7500,88.4300
36,40.6432,83.9026,102.6519,52.7500,94.0500
37,40.2334,82.0558,104.6506,38.5000,84.0200
38,40.0961,81.5301,100.5700,42.2500,77.5500
39,40.0282,82.9950,98.3788,37.7500,74.5500
40,39.9632,83.7753,99.4250,48.5000,87.5900
41,39.8890,84.8753,104.5444,56.0000,87.3800
42,39.9769,84.0468,102.5113,33.7500,81.7800
43,40.0116,82.4493,98.7319,35.7500,71.3000
44,40.0406,82.2119,99.6769,35.7500,78.3300
45,39.8422,81.0815,100.8144,44.7500,86.3600
46,39.8840,82.6817,101.6000,42.5000,80.4800
47,42.7467,85.9835,99.8806,42.0000,79.8400
48,41.8623,90.0093,106.6581,76.7500,97.3500
49,41.0078,87.0881,106.8781,70.7500,96.6800
50,40.6022,82.8029,103.8294,50.7500,87.6000
51,40.2444,81.1174,98.1081,49.2500,84.5900
52,40.1472,83.8079,99.7438,48.5000,81.4300
53,39.9388,84.0258,103.0738,46.5000,85.5500
54,39.8138,84.0060,104.6744,48.7500,82.8000
55,39.8361,81.2481,99.3769,44.0000,81.8600
56,39.7557,80.9985,96.3019,31.0000,73.9100
57,39.8213,83.6792,100.1400,59.7500,93.8300
58,39.4972,84.3117,103.0094,48.7500,82.5600
59,39.2766,83.3089,103.0813,37.0000,75.3800
60,39.2099,81.2032,99.2869,36.2500,70.9900
61,39.4918,81.0194,101.9987,26.0000,84.0400
62,39.5583,84.3861,102.0894,47.2500,81.2100
63,42.3730,83.1864,99.0362,40.2500,77.7400
64,41.9787,84.1338,99.7694,58.2500,85.8900
65,41.1242,84.0006,105.8925,61.5000,99.0100
66,40.5803,84.5364,107.4112,78.0000,103.2600
67,40.0200,86.7608,102.0519,52.5000,89.5400
68,39.5338,84.3069,96.9137,42.5000,78.4300
69,39.1185,80.9067,97.0625,36.2500,67.0800
70,38.9181,79.2656,102.1731,27.7500,77.5300
71,39.1429,80.0110,101.2725,53.0000,90.6400
72,39.6576,84.3819,99.9713,43.7500,81.3500
73,39.9567,88.7203,100.4300,36.0000,73.0800
74,39.8580,83.3592,101.7750,25.2500,66.8700
75,39.7101,79.5346,101.6969,37.0000,81.6600
76,39.5318,78.8561,97.3919,48.5000,88.6700
77,39.5324,82.7487,96.3337,44.2500,75.6600
78,40.8881,86.2892,100.6200,36.5000,71.1200
79,42.0561,88.5819,108.0206,45.0000,87.6400
80,40.8311,83.3846,104.7950,79.7500,103.2400
81,40.1164,80.1649,99.2412,68.0000,93.4700
82,39.8072,83.3397,99.3800,63.0000,86.8200
83,39.6295,86.2219,104.9238,39.2500,87.2000
84,39.2882,85.8971,103.1675,50.7500,86.7000
85,39.3462,81.0594,98.3875,38.7500,78.0800
86,39.4301,79.9681,97.3200,44.0000,76.1000
87,39.8495,80.9743,101.8962,41.5000,85.1600
88,39.8430,83.0899,103.1569,48.2500,86.2500
89,39.7015,84.1110,100.2731,38.7500,75.2200
90,39.5233,81.6651,97.1794,36.5000,71.8300
91,39.2948,80.8715,99.7688,35.2500,78.2900
92,39.2344,81.6046,103.4987,59.5000,91.5900
93,39.3124,82.6547,102.0775,42.2500,84.6800
94,42.4416,86.1797,101.2094,57.0000,80.6700
95,41.4554,86.2693,100.2487,46.2500,81.9500
96,40.7833,83.5381,102.3031,73.0000,98.5700
97,40.5954,83.6393,105.2462,62.2500,95.3000
98,40.1109,83.4492,103.0894,39.0000,79.2700
99,39.5106,83.8101,102.4069,28.7500,74.7100
100,39.0757,81.3561,99.2325,48.2500,87.2300
101,38.9629,80.3575,99.8275,46.5000,84.7800
102,39.1142,81.9428,99.0563,36.2500,77.1400
103,39.2593,84.7449,102.3875,27.0000,71.6100
104,39.3644,84.5900,103.4613,44.0000,81.7600
105,39.2055,82.9675,101.4262,52.0000,90.5100
106,39.0660,80.9193,98.2275,36.0000,72.9500
107,38.9409,80.6296,97.8294,35.5000,70.2200
108,38.9432,82.8163,102.6263,37.0000,75.7900
109,38.9987,83.4381,104.4863,40.0000,84.5400
110,42.5918,84.6429,99.2956,50.7500,85.0300
111,41.7991,87.0768,100.4187,61.7500,84.9400
112,40.9733,85.8210,103.5769,44.5000,84.9300
113,40.4952,84.8754,105.7919,61.2500,105.0600
114,40.1160,82.9768,103.5531,53.7500,92.8100
115,39.4591,82.0890,98.0238,46.0000,76.3600
116,38.9850,82.6897,99.2825,25.5000,70.8100
117,38.6278,82.3753,102.8037,26.0000,78.7200
118,38.4470,82.6944,103.0681,57.0000,94.6300
119,38.6736,81.2999,97.0587,45.2500,81.3500
120,38.9239,81.7933,93.5900,28.7500,70.9700
121,39.0805,83.7697,102.9388,28.7500,73.3300
122,39.2557,83.9776,107.2944,43.7500,89.6600
123,39.4322,82.0949,101.6450,49.5000,88.7800
124,39.4995,79.4615,94.2631,43.2500,73.5800
125,41.7691,80.6686,94.2312,41.7500,70.9000
126,41.7916,88.9563,108.9275,61.0000,101.6400
127,40.9116,90.6175,111.1588,73.7500,102.8500
128,40.1622,85.0951,102.7056,57.2500,81.5200
129,39.7222,80.8732,96.5969,44.7500,78.7200
130,39.3793,82.1551,97.8256,39.2500,76.6300
131,39.2900,83.9872,105.7725,43.2500,86.5300
132,39.2108,85.1225,102.8644,49.7500,81.7800
133,39.1811,82.5740,95.4156,45.5000,72.1900
134,39.1642,80.6971,93.2306,26.2500,66.2400
135,38.9794,81.7396,102.0600,43.0000,88.1800
136,38.9342,82.6056,104.4794,46.2500,85.4700
137,38.9065,82.7569,100.6675,39.0000,79.8400
138,38.5736,82.2803,94.6350,35.2500,71.4600
139,38.6473,84.3319,95.4863,32.5000,73.7200
140,38.5278,84.2010,104.0419,38.0000,88.2100
141,41.5199,82.7692,103.7256,44.0000,82.7200
142,41.3256,83.1725,101.1162,63.0000,91.4200
143,40.9216,82.9007,97.8012,52.5000,82.9800
144,40.6667,86.0765,101.6300,57.7500,97.2300
145,40.1888,86.1537,104.9238,59.7500,90.6200
146,39.6731,83.5744,102.8412,50.5000,81.4100
147,39.2410,80.8642,98.1875,46.7500,75.9300
148,38.8132,78.9837,97.7250,31.0000,74.3700
149,38.7758,80.5240,101.6025,45.5000,87.2500
150,38.6711,82.4567,100.4506,43.0000,79.6100
151,38.5826,83.3092,97.0450,29.2500,69.0600
152,38.5745,82.6089,96.6881,41.7500,71.1100
153,38.5600,82.8417,99.5869,47.7500,86.8700
154,38.6938,83.7892,103.4725,33.7500,84.0400
155,38.7234,78.5847,97.0494,40.7500,76.3000
156,39.1883,78.1842,97.7644,32.0000,67.7300
157,42.2456,81.2782,101.2862,43.0000,81.1600
158,41.5487,89.2182,107.5969,75.5000,101.2800
159,40.7873,88.4860,100.9906,58.5000,90.4700
160,40.0605,84.6078,97.6594,48.7500,80.7800
161,39.5726,81.4590,102.6537,60.7500,87.5000
162,38.9082,79.2474,105.6012,49.5000,93.6800
163,38.8016,79.0844,100.8156,44.7500,77.6200
164,38.5235,81.6161,93.4731,36.7500,71.9000
165,38.4850,83.0339,91.6969,30.7500,66.6500
166,38.4364,85.0987,103.7156,41.0000,80.1100
167,38.4220,83.9647,106.3594,53.2500,93.1800
168,38.4748,79.9646,100.1506,31.0000,79.5000
169,38.6392,77.7510,93.0969,32.2500,70.8100
170,38.7327,79.4650,96.2838,28.2500,69.2000
171,38.8682,85.1038,106.4825,52.7500,94.8500
172,39.9992,87.4674,104.2206,31.7500,82.2900
173,41.3770,87.7383,98.9337,55.2500,86.1900
174,40.5054,83.2261,99.0537,51.5000,84.1800
175,40.0275,77.9417,102.7344,52.0000,88.9500
176,39.9193,79.4938,109.6956,69.7500,101.8400
177,39.6980,83.9443,101.2775,59.7500,89.2700
178,39.3738,86.7606,95.7669,48.7500,77.5100
179,39.1377,85.3510,97.7412,35.7500,68.0000
180,38.8774,81.0928,101.7337,43.2500,87.0500
181,38.6585,79.5061,106.0831,56.2500,95.0500
182,38.3755,79.1146,99.8363,35.2500,77.0800
183,38.4870,79.9708,96.1250,35.0000,76.6600
184,38.5355,82.4265,96.4600,23.7500,73.8500
185,38.5754,85.3822,100.5750,48.7500,88.4100
186,38.5805,83.1097,100.8238,35.2500,80.3400
187,40.7397,83.0197,102.0644,33.5000,77.0600
188,41.1489,83.2290,104.0038,66.7500,94.6800
189,40.5963,82.5232,103.7050,57.0000,90.4500
190,40.0874,83.7714,97.4825,55.7500,83.6700
191,39.8014,85.8622,96.7738,51.2500,83.2200
192,39.4063,86.5344,104.2950,49.2500,90.9700
193,38.8846,84.6633,106.5181,49.5000,89.6900
194,38.3899,80.1153,101.0500,47.5000,85.3100
195,38.2550,79.2936,96.2000,40.2500,77.0400
196,38.3892,80.5587,92.9819,37.2500,77.9900
197,38.6444,84.1275,100.8631,43.5000,90.1900
198,38.6129,85.5635,103.5875,47.7500,85.5900
199,38.6797,82.1410,99.1625,35.5000,75.8400
200,38.4445,79.0560,95.5362,32.7500,67.5400
201,38.3117,78.0792,96.8894,33.5000,85.5000
202,41.3975,83.2221,105.2600,63.7500,95.4500
203,40.6209,89.8582,107.7944,74.7500,101.3600
204,39.8149,89.2240,98.7381,62.2500,81.9300
205,39.2335,84.5603,98.2188,51.2500,80.3300
206,38.7916,79.1264,99.7069,50.0000,90.7000
207,38.6476,77.7653,101.8313,55.7500,89.7600
208,38.4481,82.3943,102.1325,45.2500,81.1200
209,38.6001,84.7875,97.7213,42.2500,78.8000
210,38.6138,84.9082,99.6312,24.5000,75.0400
211,38.7911,81.8506,101.1994,42.7500,83.9000
212,38.5063,78.6804,99.0806,50.0000,84.9000
213,38.5613,77.9642,97.1081,41.5000,78.1200
214,38.3586,81.7678,99.0394,32.2500,72.4600
215,38.2524,84.7556,102.2369,47.0000,81.1700
216,38.3874,83.1168,101.3187,49.2500,87.0400
217,40.9739,82.3242,99.2281,66.5000,90.9400
218,40.3223,83.9163,99.5594,59.7500,82.2500
219,39.6215,85.8736,105.3613,63.0000,97.4200
220,39.3685,85.3737,106.7744,67.0000,96.7700
221,38.9680,84.2697,100.7625,58.2500,81.7100
222,38.7624,82.3008,94.0800,43.0000,71.3900
223,38.6780,80.3333,95.4156,51.5000,77.0200
224,38.4610,80.8689,102.0219,49.5000,83.7400
225,38.5534,81.0522,103.2675,46.0000,88.5200
226,38.3436,80.0117,96.1481,42.0000,73.6500
227,38.1452,81.4014,95.8363,31.5000,65.9000
228,38.0534,83.2476,100.9594,41.2500,82.3700
229,37.8176,82.9608,102.4594,49.7500,86.8000
230,37.5918,80.0006,97.9912,41.5000,81.4800
231,37.7409,79.5062,96.9794,44.0000,67.7400
232,37.9540,81.6253,97.8187,33.5000,73.5000
233,38.6332,82.5197,100.9788,47.7500,87.1300
234,41.2884,86.6467,101.4600,69.5000,96.5300
235,40.5946,84.5826,102.5256,57.7500,86.0400
236,39.8215,82.0871,101.1944,60.5000,84.3500
237,39.2822,79.5119,102.8412,61.5000,95.6600
238,38.6915,79.7224,99.9481,51.2500,89.4600
239,38.1612,82.8303,96.2606,45.5000,86.0800
240,37.6902,82.2485,97.7631,50.0000,75.5600
241,37.3791,79.3801,97.3100,38.5000,75.0800
242,37.5271,77.3979,97.3925,50.5000,80.5400
243,37.7508,79.6490,97.7169,43.7500,84.4300
244,38.0301,82.9125,97.4719,25.7500,71.6800
245,38.2841,82.8786,98.8419,40.5000,77.4100
246,38.4099,81.2224,100.3744,44.7500,82.5500
247,38.2622,78.8562,96.7725,45.5000,77.4400
248,38.1581,79.7625,95.3863,35.7500,74.4900
249,38.0814,82.7825,99.1937,31.0000,75.1300
250,40.8430,84.2735,104.1363,59.5000,93.6900
251,40.0956,84.2649,103.2769,67.5000,92.7500
252,39.4550,80.7151,94.6144,57.2500,85.2000
253,39.3346,82.4592,96.6381,52.7500,76.3900
254,38.9758,85.0807,103.9575,47.2500,93.1200
255,38.7624,83.1992,104.5850,57.2500,94.1600
256,38.3369,79.4917,98.0600,59.5000,88.5400
257,38.0069,77.3175,91.5537,43.0000,73.8400
258,37.8922,79.5872,92.7056,31.7500,68.5600
259,37.9082,81.4931,100.4275,42.5000,85.4700
260,37.8884,82.3940,104.0656,46.0000,87.9000
261,37.6455,79.8890,98.1769,42.5000,79.1700
262,37.4553,80.3282,94.1438,29.2500,72.5100
263,37.6972,80.2083,93.7706,39.0000,77.2700
264,37.7966,80.3799,98.7300,48.0000,89.9300
265,40.5851,79.9482,100.4106,40.5000,75.1300
266,40.3854,83.0706,103.1294,44.7500,87.5500
267,39.6381,82.0394,101.0775,45.5000,84.1400
268,39.0469,84.1661,99.3556,67.0000,93.4100
269,38.7218,81.7385,97.5131,53.0000,89.9900
270,38.1681,81.3515,99.8575,45.2500,80.2800
271,37.6881,79.5706,100.7306,40.2500,73.5300
272,37.3470,78.1947,99.7969,58.0000,87.6700
273,37.3095,80.9713,96.2219,49.2500,83.7600
274,37.5060,82.0788,93.8856,42.0000,74.8200
275,37.8757,80.2447,96.2356,28.2500,72.0000
276,38.1351,79.9422,99.2656,35.7500,79.2000
277,38.0976,78.3383,102.2319,54.2500,89.0600
278,38.0406,78.3267,99.0519,53.2500,80.1200
279,38.0507,82.4432,93.9694,37.0000,75.4800
280,38.0650,82.0222,95.5525,37.7500,84.8200
281,40.7680,80.4600,98.5031,49.0000,83.6200
282,39.9278,82.3110,104.6488,56.5000,86.6800
283,39.3270,81.3539,104.6663,56.0000,92.4800
284,38.8856,81.6003,101.0450,77.2500,99.6700
285,38.4440,84.6835,98.7631,69.2500,86.4600
286,38.0412,81.4715,94.1000,50.2500,77.5900
287,37.8222,79.6432,98.1937,43.0000,73.4400
288,37.6068,78.1821,100.4163,40.2500,75.6500
289,37.7645,79.4136,101.9700,56.7500,90.6500
290,38.0125,81.7854,96.1406,40.0000,81.4900
291,38.0388,78.4971,89.7906,41.2500,72.7800
292,37.9517,79.2028,94.8050,35.7500,69.8100
293,37.8503,81.8614,105.8581,43.7500,84.3000
294,37.5997,80.9519,103.9656,45.2500,90.8800
295,37.5034,79.4836,96.9938,39.2500,81.7300
296,37.5533,78.2790,88.1881,47.2500,73.0400
297,40.2083,79.6158,92.1275,45.2500,78.4100
298,40.5695,87.3894,109.7206,63.7500,99.5800
299,39.7470,86.3697,109.6981,71.7500,95.7900
300,38.9862,82.7900,99.8425,72.5000,89.1500
301,38.5462,77.4300,91.0294,49.2500,76.3500
302,37.9575,75.9678,96.1663,41.0000,83.5300
303,37.5602,79.9365,102.2306,53.2500,90.6400
304,37.4687,82.8542,101.6306,43.2500,78.9700
305,37.3780,83.1647,96.3819,41.7500,74.2500
306,37.2925,80.5493,94.7513,45.0000,78.0200
307,37.2652,79.9086,98.2806,52.2500,90.8300
308,37.2647,79.5474,101.0512,38.0000,84.6400
309,37.4098,79.5015,97.6094,44.2500,75.4900
310,37.4840,80.6336,94.6325,48.2500,72.3300
311,37.5873,80.9819,92.4775,35.7500,65.8900
312,37.8104,81.2301,100.4287,46.2500,89.1100
313,37.7461,80.4736,101.8887,42.2500,89.1800
314,40.6525,80.5906,99.1281,57.0000,86.4200
315,39.6844,81.8853,97.1988,55.7500,81.1800
316,39.0434,81.9111,96.2556,51.7500,75.3800
317,38.4880,82.6183,103.6944,58.0000,96.8000
318,37.7761,81.1183,105.0837,50.5000,87.3800
319,37.5033,81.7885,97.6006,42.2500,75.7000
320,37.1617,80.1940,90.1125,37.7500,69.8300
321,37.0835,78.6290,93.9662,40.2500,71.8600
322,37.1807,77.6406,101.3956,41.2500,87.5100
323,37.4981,77.4933,101.9737,38.7500,79.7200
324,37.7278,79.7897,94.9294,38.0000,77.9400
325,37.7714,82.3597,91.9212,38.2500,65.8800
326,37.4985,82.3911,98.5238,45.7500,86.4500
327,37.2862,78.9221,101.2281,38.7500,81.2700
328,37.1975,76.9690,100.1469,47.5000,79.3200
329,37.2531,77.5578,94.8056,42.0000,70.8300
330,40.4510,83.0654,94.5475,43.7500,87.3800
331,39.7647,85.6729,100.7156,71.5000,96.3900
332,39.2669,84.3900,104.6056,60.5000,91.2000
333,38.5396,80.3307,100.9544,48.5000,79.4700
334,38.0414,77.1121,97.2600,53.0000,88.0900
335,37.5476,79.4717,95.7887,60.7500,89.3500
336,37.2765,82.1050,98.0231,41.0000,81.3900
337,37.1108,81.9625,100.8894,41.7500,74.3200
338,37.2768,79.9460,97.7375,41.5000,72.6500
339,37.6043,76.6199,94.2606,36.5000,81.4400
340,37.8054,78.4050,95.0113,43.5000,82.9800
341,37.8752,79.9324,97.5506,50.2500,83.4600
342,37.8987,82.7215,100.1494,30.2500,69.9900
343,37.6514,80.5369,97.9444,42.5000,73.8300
344,37.6119,77.6024,95.8487,50.7500,86.3800
345,39.7945,79.7978,98.5650,64.5000,96.9800
346,39.0729,80.9697,101.4319,60.0000,91.4200
347,38.5767,82.2169,102.9613,65.5000,84.0100
348,37.8730,82.7847,98.3344,49.0000,79.1200
349,37.7072,82.3308,97.1525,30.5000,82.7400
350,37.3090,80.5489,99.1256,48.7500,93.7000
351,37.0851,79.1657,97.1338,52.0000,83.0600
352,37.0794,77.4885,98.4675,43.5000,76.7600
353,37.4645,76.7731,94.8681,32.0000,62.6300
354,37.5767,77.4103,93.6669,39.0000,74.0700
355,37.6833,80.4586,97.9531,41.0000,85.8700
356,37.5573,81.8042,99.5563,47.2500,84.1300
357,37.4487,80.9735,98.1631,43.5000,76.1700
358,37.1530,79.3151,93.5600,44.7500,70.9800
359,36.8227,75.9874,90.0206,28.2500,67.1100
360,39.0010,77.0940,97.9331,37.5000,87.9200
361,39.5973,81.3660,103.8850,69.7500,101.0100
362,38.8429,83.6133,104.2056,58.0000,85.8100
363,38.3536,81.0488,96.7856,54.2500,79.1600
364,37.9662,79.2054,90.9069,52.0000,71.9600
365,37.6296,79.5554,99.0825,53.5000,91.4600
366,37.1245,80.2571,102.9556,49.7500,87.1400
367,36.9659,77.1899,99.3913,44.2500,79.9700
368,36.7902,75.4650,95.8219,52.0000,75.2600
369,37.0276,75.3515,90.7206,28.0000,63.8300
370,37.2062,79.9111,93.9538,32.7500,82.6900
371,37.2356,81.3383,99.2869,48.2500,87.9400
372,37.0740,79.4799,97.7825,63.0000,87.8800
373,36.9632,75.9917,94.7244,27.5000,71.3400
374,37.1470,73.4401,93.0238,29.2500,67.9700
375,37.0392,76.1265,95.7462,34.7500,81.7000
376,40.0920,85.4765,100.7606,51.7500,91.3700
377,39.3458,87.1078,101.1363,62.7500,82.4100
378,38.4647,81.1318,97.8200,49.2500,83.6300
379,38.0069,74.9947,92.8063,53.5000,83.4500
380,37.6318,73.0340,96.2394,57.0000,86.6600
381,37.4918,78.4083,102.3187,53.2500,88.6000
382,37.1628,82.2613,100.3119,54.7500,81.0700
383,36.7912,79.8204,90.4731,31.5000,68.3300
384,36.6878,75.1562,86.8581,36.7500,66.1300
385,36.8109,75.8918,97.7256,55.0000,88.5200
386,36.9984,78.7928,101.6050,48.5000,82.6500
387,36.9639,77.7604,99.3094,37.0000,73.2000
388,36.8165,76.5925,91.7819,38.7500,69.4000
389,36.9107,76.3724,89.4050,37.7500,65.7700
390,36.8841,77.9118,98.3706,48.0000,90.4900
391,39.3423,81.8974,102.9844,56.2500,87.4100
392,38.5152,84.6406,100.1969,60.7500,86.6300
393,37.9516,78.7589,93.8069,58.5000,77.7800
394,37.6694,73.8790,90.2925,43.7500,70.5500
395,37.8140,76.1010,98.3225,68.5000,98.2800
396,37.9195,82.6715,103.4425,67.0000,91.0800
397,37.5769,80.5440,96.6000,50.5000,79.3800
398,37.0110,76.6176,89.7856,34.5000,69.0400
399,36.6591,73.8694,88.8081,36.7500,68.4900
400,36.6610,75.4056,97.6481,36.5000,83.8700
401,36.6772,78.7046,99.6594,44.7500,79.4200
402,36.5741,78.9914,94.9350,37.5000,76.4600
403,36.3623,75.7844,89.6481,35.5000,68.8700
404,36.6170,76.1432,93.3956,36.5000,71.0400
405,36.7880,76.4772,96.7744,53.2500,87.5300
406,36.9909,76.9907,97.5625,44.5000,78.4900
407,39.4419,81.0557,96.0450,53.2500,75.5700
408,38.6110,79.7336,96.1500,54.7500,75.4500
409,38.2047,78.8076,98.4512,51.5000,93.2400
410,37.8723,79.7272,98.8037,67.2500,93.4300
411,37.2093,78.8151,97.1637,58.5000,87.6300
412,36.5442,76.3592,91.3719,44.7500,65.5000
413,36.2012,75.6903,93.7406,40.2500,76.6500
414,36.3295,76.6225,96.1819,48.5000,84.9400
415,36.3300,77.9468,97.5325,39.7500,79.7200
416,36.5082,78.7064,94.7869,32.7500,69.8900
417,36.5984,78.0364,91.2613,25.7500,61.3100
418,36.6939,76.3689,94.4625,49.0000,84.7000
419,36.5332,75.8049,98.1212,46.5000,85.1800
420,36.4426,76.9001,97.2838,36.0000,73.2400
421,36.5684,76.2721,92.8119,30.0000,67.7300
422,36.7043,75.5039,92.8650,31.2500,75.1700
423,37.9398,75.7804,94.7188,42.5000,83.8600
424,39.0525,82.4425,98.9613,58.5000,89.0000
425,38.2621,82.7457,98.7275,48.0000,80.2000
426,37.6860,81.2319,100.6731,45.2500,83.9600
427,37.3780,78.8185,97.9256,59.7500,93.1600
428,36.5519,73.4968,93.5969,53.0000,86.3400
429,36.3466,74.6650,89.2081,40.2500,79.2700
430,36.0607,76.4626,92.3838,37.2500,67.5600
431,36.0168,78.0157,99.9869,37.2500,75.0200
432,36.1377,76.3615,96.7369,51.7500,80.2600
433,36.5127,76.5004,92.4425,48.7500,78.6100
434,36.6811,73.9846,88.0475,31.5000,66.4100
435,36.8164,75.5753,93.8125,32.7500,67.2300
436,36.7746,77.9408,100.8213,48.7500,84.2200
437,36.7541,78.9975,96.8481,44.0000,81.0900
438,36.6600,76.8112,91.8400,41.2500,72.8700
439,39.6322,78.0731,93.0225,46.2500,77.3900
440,38.6605,80.6206,102.7144,56.5000,95.2800
441,38.1390,79.7667,102.3225,72.5000,91.4000
442,37.7017,75.5972,93.6038,58.2500,79.2200
443,37.4598,75.9112,89.2419,41.0000,74.5100
444,36.9626,77.6167,94.8675,44.2500,83.6200
445,36.7116,79.6743,101.8581,60.7500,85.3500
446,36.5586,78.7732,96.8056,46.0000,77.1500
447,36.4994,75.5526,92.1625,44.5000,69.0300
448,36.5219,74.1840,90.6675,27.0000,74.0700
449,36.7272,73.8457,93.4538,41.7500,84.8600
450,36.6207,75.3211,92.5331,38.0000,73.8200
451,36.7124,78.2700,95.2269,38.7500,67.9600
452,36.7554,79.8388,96.4025,34.5000,67.1300
453,36.6493,77.8051,94.7475,39.5000,76.9900
454,39.2069,77.7085,95.3331,70.0000,91.5600
455,38.3774,76.8253,93.5519,64.2500,84.3700
456,38.0494,76.4251,94.2038,45.0000,73.8200
457,37.8069,78.6992,97.9500,49.7500,79.6700
458,37.3702,79.8993,96.8494,48.2500,90.3500
459,37.0625,77.9314,93.6750,47.2500,82.7400
460,36.7048,76.6360,93.0094,53.5000,74.3700
461,36.4358,74.2718,90.9281,35.0000,70.6400
462,36.3755,74.4117,92.4569,31.2500,73.3300
463,36.7628,76.6500,94.3369,47.7500,79.9300
464,36.8748,76.8554,92.5269,41.2500,78.2500
465,36.8885,77.6018,95.9013,46.0000,75.1100
466,36.6098,75.0153,94.1669,41.2500,72.9800
467,36.4911,74.1311,93.9719,43.5000,75.9100
468,36.5292,74.7074,93.0888,45.7500,80.2900
469,36.8533,77.2376,91.8562,43.2500,78.3700
470,39.3813,81.6374,98.3412,48.2500,79.7500
471,38.2829,81.7301,100.0906,49.2500,84.4800
472,37.4574,78.7282,98.2844,64.5000,96.1400
473,36.9428,74.7314,94.3225,61.0000,87.6000
474,36.6935,73.8164,89.8000,42.2500,72.8100
475,36.5516,76.8221,95.4000,51.5000,84.6400
476,36.5959,78.5156,101.0038,57.0000,86.1600
477,36.5125,78.0442,96.0994,38.7500,78.6800
478,36.6118,75.7319,88.8319,45.5000,74.1800
479,36.5070,73.4967,88.3219,32.2500,66.4100
480,36.7671,75.3031,92.5650,42.7500,78.3700
481,36.8501,78.1483,98.1694,54.5000,86.7500
482,36.6427,77.0708,96.8375,38.0000,74.6600
483,36.5367,74.3538,93.7838,34.2500,73.7500
484,36.4664,74.7556,93.2000,41.0000,71.3500
485,36.4170,78.0915,95.2931,46.5000,84.2400
486,38.8743,82.6711,99.8425,60.7500,88.5600
487,38.1807,82.4728,98.3788,66.7500,81.5600
488,37.5446,80.0582,95.9706,50.0000,78.8500
489,37.2424,76.1228,95.1600,62.0000,83.2400
490,36.8854,75.8381,98.4006,56.0000,89.4800
491,36.7846,77.9393,95.2000,54.0000,82.6200
492,36.5079,76.4532,92.2300,32.7500,70.5900
493,36.6040,77.4560,93.6413,51.0000,82.8800
494,36.4914,76.3493,96.2406,57.5000,84.2200
495,36.5406,76.5582,93.5338,40.2500,77.9700
496,36.5602,76.4167,91.5863,45.2500,69.2700
497,36.4202,75.1597,94.3737,24.5000,67.4500
498,36.3549,74.8650,96.2094,43.0000,83.6200
499,36.4533,77.7865,96.9381,51.0000,87.6200
500,36.2591,77.6390,92.1312,39.0000,76.4300
501,36.2245,77.0167,90.6675,32.0000,66.3500
502,38.9638,75.6650,94.8025,38.2500,73.8200
503,38.4404,76.8118,103.0394,73.7500,95.1700
504,38.0771,76.5000,99.1269,53.5000,86.2600
505,37.7561,78.7400,93.6338,50.0000,83.6500
506,37.5532,79.9314,90.0963,38.0000,71.4100
507,37.3166,78.4285,94.5244,57.5000,80.4600
508,36.9280,75.9353,99.8906,41.2500,82.8000
509,36.7830,75.8347,96.0713,53.0000,77.0300
510,36.4267,74.4931,91.3763,45.2500,76.1100
511,36.3002,75.5696,89.8794,36.0000,79.7700
512,36.4891,77.0240,94.5625,51.5000,84.0800
513,36.4784,75.3633,96.9150,38.5000,74.1600
514,36.4855,73.9651,95.1850,37.0000,69.5400
515,36.5770,74.7613,93.8300,31.2500,74.5300
516,36.8041,79.7151,93.2131,41.0000,84.4400
517,36.8820,77.9476,90.1425,43.2500,77.4900
518,39.3412,75.5201,94.9962,44.2500,76.4900
519,38.5599,76.9304,99.2887,39.7500,76.3500
520,37.9093,77.4732,99.6338,59.2500,90.3600
521,37.6524,80.0808,94.9975,57.5000,87.6300
522,37.5212,81.9497,93.7300,56.2500,82.4500
523,36.9795,77.0224,91.6969,37.7500,75.9800
524,36.4192,74.2415,95.6831,36.7500,76.9500
525,36.2851,73.3750,94.7913,44.5000,72.4300
526,36.2385,75.7551,92.3238,53.7500,74.6100
527,36.5172,77.7676,92.2050,40.2500,75.4400
528,36.3817,77.9128,92.4606,48.5000,83.3200
529,36.4535,76.6050,98.7694,42.7500,83.5300
530,36.3591,73.4290,94.2319,42.0000,73.9700
531,36.4127,75.0758,93.4369,42.5000,70.0100
532,36.3561,77.5612,93.0638,38.2500,79.1500
533,36.7780,78.4719,93.7337,45.7500,86.6700
534,38.7672,79.3190,99.2850,59.0000,86.2300
535,38.0554,77.8587,100.8119,62.2500,85.7500
536,37.7914,75.7543,95.3363,54.2500,80.4800
537,37.6355,75.9367,92.2525,44.0000,76.2500
538,37.3368,77.7442,95.9587,39.5000,83.0900
539,37.0822,80.8108,100.3369,58.7500,87.2900
540,36.5178,76.8674,95.1363,57.2500,80.7000
541,36.2031,73.4682,90.3969,39.5000,74.3000
542,35.8690,72.8571,87.9894,30.2500,63.3700
543,36.0408,76.8175,96.7513,35.5000,83.9900
544,36.0069,77.4879,98.9437,47.5000,76.8700
545,36.0128,76.1503,94.1806,43.5000,75.0400
546,35.9916,73.8849,90.3150,33.7500,64.8100
547,36.1236,75.8589,91.9300,32.5000,75.4300
548,36.2164,77.4061,96.4519,61.0000,83.8200
549,38.3104,75.7451,95.4175,52.0000,78.7200
550,38.3329,78.0369,95.0550,51.0000,87.8100
551,37.8672,77.7946,94.0375,55.7500,89.4700
552,37.5067,78.1994,98.4994,69.0000,87.0800
553,37.2967,78.8706,98.3875,55.2500,86.0600
554,36.8042,77.4643,94.0875,49.5000,80.5300
555,36.4028,74.0143,89.5575,39.0000,73.2600
556,36.1572,75.2613,93.6363,31.0000,76.3900
557,36.0569,76.4253,97.3650,37.2500,82.9900
558,36.1590,77.0690,97.0531,58.7500,84.0800
559,36.0507,74.8496,91.4706,43.5000,73.0300
560,36.1461,75.0512,91.4688,35.0000,69.5400
561,36.0001,75.7558,92.8569,41.7500,84.3300
562,36.0489,77.8136,97.9481,49.7500,83.9400
563,36.1242,77.8804,95.4037,43.0000,71.9500
564,36.1605,76.8947,95.5488,34.0000,73.3200
565,36.7831,75.4215,93.5275,33.7500,73.1800
566,38.5609,77.0044,94.0456,60.2500,89.8600
567,38.0092,78.4439,94.4325,68.7500,84.0700
568,37.6127,79.0146,99.8688,62.0000,86.4200
569,37.1905,79.3562,101.8337,61.5000,91.8600
570,36.7895,79.1072,96.7525,47.5000,83.5500
571,36.2714,78.0772,90.3194,42.7500,76.7500
572,35.7380,74.3814,90.9137,39.7500,70.5300
573,35.4066,72.2121,93.1006,41.7500,77.3100
574,35.2499,70.9826,95.2056,47.7500,82.2000
575,35.3117,74.8707,95.5888,45.2500,82.0900
576,35.7658,79.6636,92.7519,25.0000,71.8100
577,35.9608,79.3335,89.4244,34.0000,66.3300
578,36.2531,75.9733,89.2206,38.5000,71.4200
579,37.7741,72.1946,94.4013,50.2500,86.3700
580,38.8691,72.7375,98.8012,48.2500,88.2400
581,38.2915,77.1389,99.4831,52.2500,81.4900
582,37.7957,80.7829,97.7138,60.0000,84.3500
583,37.4552,79.9649,93.8562,59.0000,85.9300
584,36.9155,78.2213,93.1244,51.2500,80.9000
585,36.3344,74.3565,93.3594,48.0000,79.1600
586,35.9025,73.9021,95.2350,42.5000,71.8200
587,35.6841,75.5692,96.5581,40.5000,80.6100
588,35.3098,77.1915,95.2988,46.0000,83.6500
589,35.2053,74.8389,90.8019,42.5000,69.4200
590,35.1470,73.7021,90.1456,52.2500,73.1000
591,35.0700,74.5194,94.4569,30.7500,77.9400
592,35.0878,78.0611,98.3650,63.5000,86.9400
593,35.2200,76.7390,95.0938,41.7500,77.2700
594,35.4593,73.7400,88.7550,37.5000,71.4200
595,38.5522,73.9346,89.3581,49.2500,76.3800
596,38.4177,77.4871,101.6450,81.5000,101.4800
597,38.0170,79.9264,101.7288,71.7500,93.8200
598,37.8989,80.2640,96.9088,51.7500,79.9400
599,37.4966,77.6194,89.5050,44.5000,69.6400
600,36.8405,73.3999,89.5113,44.2500,73.8400
601,36.3601,72.9817,98.7544,60.2500,90.6800
602,36.1067,73.1593,97.8469,54.5000,83.3700
603,35.8861,76.8754,94.2038,47.5000,68.9900
604,35.6289,76.9885,86.2862,30.5000,66.0200
605,35.3651,76.0272,90.8950,24.2500,70.8700
606,35.3779,74.9737,96.8594,51.5000,85.6600
607,35.1932,73.5462,96.4744,46.5000,80.2600
608,35.1205,73.2661,91.8431,40.5000,71.3700
609,35.2944,76.0829,87.5837,38.7500,69.5400
610,37.6814,77.1710,91.5956,28.2500,76.3300
611,38.1434,80.3636,105.0044,72.5000,100.8600
612,37.7801,77.2887,100.6825,84.2500,90.1700
613,37.5644,76.4453,93.6294,71.5000,82.4000
614,37.5545,76.5392,89.5512,48.5000,79.2000
615,37.2183,75.7036,92.9812,47.7500,85.1400
616,36.9792,76.2100,98.4831,46.7500,84.3800
617,36.6649,75.0042,95.3731,41.0000,73.5900
618,36.2326,73.5161,88.9175,36.7500,69.2400
619,36.0951,74.2846,90.5544,43.2500,78.7800
620,35.8761,75.9175,93.8306,45.5000,89.1800
621,35.8091,75.8268,92.9231,45.5000,72.7500
622,35.7289,74.7839,91.2581,39.2500,69.6900
623,35.7151,73.1349,90.8487,33.2500,71.8200
624,35.7781,76.9301,95.6931,50.0000,86.7900
625,35.8713,77.9686,97.4187,44.5000,82.5600
626,35.6406,77.5040,95.6000,41.5000,74.8700
627,38.1538,76.4442,89.9656,43.0000,76.2200
628,37.3602,74.3458,91.9494,58.0000,80.5300
629,36.8626,73.5708,96.6869,58.2500,95.3800
630,36.9502,76.4924,101.6837,67.7500,89.3900
631,36.7957,80.6492,99.1113,51.0000,79.5800
632,36.4139,77.6801,89.7462,36.0000,69.4900
633,35.9345,73.9764,87.7725,42.2500,77.6600
634,35.5061,72.5590,93.3881,56.7500,91.8400
635,35.4940,73.7424,96.9769,39.2500,76.5500
636,35.4744,73.2429,92.5394,48.0000,69.4700
637,35.5877,73.7111,87.5581,29.7500,62.0200
638,35.4890,72.7942,87.9231,45.7500,75.5600
639,35.5451,74.1440,94.8600,41.0000,81.4200
640,35.5840,74.5667,93.6244,47.7500,80.0800
641,35.6317,76.0642,90.7887,31.2500,74.4000
642,35.4191,74.9835,89.3163,30.2500,67.7100
643,37.8068,74.3282,90.1031,42.5000,73.4800
644,37.1475,76.1806,98.6494,59.5000,91.2600
645,36.5276,75.7642,97.5494,60.2500,87.3900
646,36.3876,76.9332,93.5631,63.2500,81.0600
647,36.2383,77.6547,91.3469,50.0000,75.0600
648,35.8902,77.0310,92.0925,44.7500,75.8100
649,35.5737,73.4007,92.4050,46.5000,85.7900
650,35.6182,72.3828,95.4512,45.0000,80.2600
651,35.5917,71.5564,92.9756,43.0000,74.8700
652,35.6965,75.8564,91.6012,33.0000,72.1100
653,35.7900,77.1275,88.5206,40.7500,71.3300
654,35.8208,75.8839,89.8337,36.5000,78.7200
655,35.6080,73.3643,92.8206,43.0000,71.0700
656,35.3490,72.6874,92.9700,33.0000,65.2900
657,35.0682,73.6515,93.0938,33.7500,75.8800
658,35.0314,73.0490,91.7656,43.7500,80.4500
659,37.2670,76.7153,89.1794,51.7500,80.8000
660,36.6316,77.4944,93.0581,46.0000,80.3300
661,36.1628,78.1351,98.6400,44.2500,80.0400
662,35.9609,78.7986,101.2375,64.2500,90.7400
663,35.8044,76.1172,93.8081,48.5000,82.2700
664,35.8276,74.0517,88.5044,55.7500,79.8400
665,35.8274,70.6547,87.1331,47.5000,74.6500
666,35.7057,71.2901,93.6306,49.2500,75.9200
667,35.8045,75.5483,94.6694,48.7500,77.1500
668,35.6879,77.0996,94.5469,46.2500,77.7700
669,35.4213,76.1501,91.2113,38.2500,76.6300
670,35.3798,73.2478,89.3456,40.5000,73.0100
671,35.2808,69.7049,88.5575,42.7500,71.2200
672,35.1855,71.7732,90.4181,41.0000,75.9200
673,35.2661,78.6992,94.9150,49.7500,81.7800
674,36.4972,80.1528,98.2069,40.2500,82.6800
675,36.9505,79.2114,98.0000,58.5000,86.0800
676,36.2110,74.2199,93.0006,62.0000,81.3600
677,35.8880,70.7647,89.1425,48.0000,71.6200
678,35.8187,73.3417,92.0694,55.7500,89.8200
679,35.9342,77.9158,97.6831,50.5000,82.9300
680,35.9635,77.7885,95.8081,46.7500,77.6800
681,35.8833,74.9976,92.2319,44.2500,76.0000
682,35.8029,70.9585,87.3962,36.7500,64.8100
683,35.6293,68.9167,86.7206,29.7500,66.6700
684,35.6122,72.5850,90.2169,40.2500,86.3200
685,35.4934,75.8360,96.4425,54.2500,86.2500
686,35.3199,75.7957,94.5175,42.2500,79.7300
687,35.0011,73.1099,91.2262,33.2500,72.2900
688,34.8525,71.9393,87.5394,37.7500,65.8200
689,34.9158,72.8590,86.8950,28.7500,74.5400
690,35.4057,76.9426,94.8431,41.2500,85.4000
691,37.4532,78.7339,100.1400,68.2500,87.4300
692,36.8033,74.5185,94.1169,52.5000,78.6800
693,36.2733,71.3024,90.6188,53.2500,82.7200
694,35.9967,74.0536,92.0419,54.2500,83.1500
695,35.7493,77.3144,94.7188,54.2500,83.9000
696,35.3671,79.5761,94.6306,47.5000,78.9400
697,34.8931,74.8799,88.3525,36.0000,72.7300
698,34.6393,70.2367,86.8275,28.7500,72.4400
699,34.4400,69.3035,94.1644,51.5000,84.3200
700,34.5111,70.5086,97.8556,47.7500,85.9500
701,34.5383,73.5512,93.8731,37.7500,80.4400
702,34.9355,75.1810,84.9894,45.7500,69.8900
703,35.1477,74.0101,84.0419,30.2500,59.9800
704,35.3721,74.2032,94.7231,37.5000,80.7300
705,35.6400,75.2329,99.1325,53.5000,90.1800
706,37.4698,74.1240,93.5294,40.2500,78.1000
707,37.4693,74.9518,87.3737,42.5000,72.2100
708,36.6440,75.0044,91.4925,53.7500,74.1900
709,36.1975,75.0474,94.0144,58.7500,85.4700
710,35.7960,77.1047,97.1856,56.7500,93.5400
711,35.5532,76.7685,93.4431,62.7500,85.6300
712,35.3037,74.1622,90.2769,39.5000,71.3400
713,34.9728,71.7213,89.7050,36.5000,70.4300
714,34.7707,70.0199,88.0375,43.0000,74.2100
715,35.0331,74.2894,92.1663,52.7500,83.0900
716,35.3199,76.1646,92.3306,37.0000,68.1800
717,35.2997,76.5619,92.1756,32.0000,65.7700
718,35.2821,74.9376,90.4181,44.7500,75.4800
719,35.2542,75.5085,91.1125,56.0000,80.6300
720,35.0603,73.4046,90.9587,52.0000,80.6000
721,35.6894,70.6057,92.1706,37.5000,70.1600
722,37.1740,73.9542,95.2031,50.2500,78.1700
723,36.8424,77.6944,94.8819,60.0000,91.7500
724,36.5156,79.0585,93.2044,67.2500,81.3200
725,36.2272,78.5879,91.6937,55.2500,79.6600
726,35.7052,75.8635,91.7087,35.2500,70.9500
727,35.2665,71.5183,91.6819,49.5000,80.7500
728,34.9700,69.5368,94.6600,48.0000,80.7000
729,35.0200,69.5665,89.6031,56.7500,83.4500
730,35.2434,73.2685,86.5794,34.7500,65.7800
731,35.4301,76.7299,87.8012,26.2500,60.3900
732,35.3756,75.9397,94.1937,48.2500,75.5300
733,35.3144,73.5839,94.9212,48.0000,79.7600
734,35.1196,71.8656,91.7731,33.0000,74.4300
735,35.0631,69.9179,86.6813,29.0000,63.0700
736,35.0091,72.7118,88.7125,28.2500,70.6500
737,34.9476,73.9343,92.9337,41.0000,82.0300
738,36.9468,76.2536,95.6087,53.0000,83.9400
739,36.1227,79.1249,97.1644,51.7500,76.2500
740,35.6085,75.9044,89.7256,55.0000,72.9300
741,35.4128,73.3854,91.1450,46.5000,72.6200
742,35.3078,73.5693,94.7862,57.2500,93.5000
743,35.4500,74.8681,91.5544,49.2500,80.6100
744,35.6175,76.8111,92.8244,39.7500,73.2900
745,35.7619,73.8819,89.6756,29.7500,65.7000
746,35.4920,70.3697,88.3812,22.5000,60.0600
747,35.5057,71.2156,91.5475,56.2500,84.1100
748,35.5114,73.0219,89.8331,50.2500,80.9600
749,35.4939,74.6762,91.2787,40.2500,74.3100
750,35.4248,74.9994,93.3144,35.0000,70.4800
751,35.1193,72.7340,89.5413,44.7500,70.1600
752,34.5731,70.1819,88.7513,31.0000,74.6300
753,36.8204,73.4453,90.2581,50.5000,82.4600
754,36.8049,78.1597,95.2994,65.2500,86.0600
755,36.2099,78.2281,97.7319,52.0000,76.4200
756,35.7484,75.5511,96.1488,57.2500,85.7400
757,35.4541,72.9228,91.8031,58.7500,83.6900
758,35.3570,72.2133,87.7663,39.5000,74.8700
759,35.2581,73.3585,87.4231,33.0000,70.9600
760,35.3245,75.9157,95.4969,51.7500,75.7600
761,35.2196,74.4079,92.9506,52.2500,79.4400
762,35.1435,71.7390,89.5156,36.5000,69.6600
763,34.9913,69.0932,85.5813,44.0000,73.1700
764,35.0051,68.1086,88.9000,30.2500,67.2900
765,35.1356,74.7904,97.0069,50.2500,81.3000
766,34.9832,76.0339,93.8788,52.7500,84.4700
767,34.9233,74.1867,87.7375,40.7500,70.6500
768,34.7731,71.3878,83.9812,31.0000,66.1300
769,34.6768,69.3739,87.8012,22.2500,56.7300
770,36.9308,73.4322,100.0725,66.5000,94.4800
771,36.1131,78.1501,100.2556,63.2500,88.6000
772,35.6756,78.5910,92.0244,59.0000,80.5700
773,35.3543,73.7629,85.6612,49.7500,75.2900
774,35.2305,70.8006,88.0275,40.5000,79.2300
775,34.9666,72.0336,95.7213,49.2500,82.4100
776,34.8353,73.9311,94.3037,48.7500,79.7800
777,34.7388,74.2772,89.7812,26.2500,67.1500
778,34.6631,71.2240,85.4619,24.7500,67.7600
779,34.7295,70.6721,88.1694,32.2500,73.0700
780,34.8757,70.5225,89.6444,33.2500,76.0000
781,35.0018,73.5356,91.0131,35.7500,65.2800
782,34.8884,74.6897,89.7763,41.2500,68.7800
783,34.8934,73.7776,92.5075,41.2500,80.3200
784,34.4190,70.7829,91.8300,50.7500,80.0700
785,34.2461,70.5065,89.7881,45.7500,79.4800
786,36.5849,73.9846,88.3256,48.2500,70.7800
787,35.9605,77.6060,89.5181,45.2500,71.5400
788,35.6355,76.7514,94.5100,57.2500,85.0000
789,35.5347,73.9650,96.6331,62.7500,94.0800
790,35.0603,69.0393,90.0506,61.7500,77.4300
791,35.0051,69.7557,87.6144,46.2500,70.1600
792,34.5807,70.2892,88.5013,37.5000,66.7600
793,34.4353,72.9231,91.1594,46.0000,80.2300
794,34.3506,74.9731,89.8662,45.2500,78.0900
795,34.5528,73.0301,88.8856,29.7500,65.2700
796,34.4808,72.4474,90.5081,38.5000,69.8200
797,34.6351,72.6168,93.3744,33.7500,78.0100
798,34.5397,72.6762,91.4287,41.2500,75.9900
799,34.4304,70.7106,88.8519,43.0000,70.5900
800,34.2951,68.0653,85.8375,37.0000,64.0100
801,35.8845,71.1617,90.5481,51.2500,84.7400
802,36.1045,76.5794,96.3775,70.0000,90.5600
803,35.4946,78.8125,95.8606,54.2500,82.3000
804,35.2800,74.8174,91.0444,45.2500,76.6000
805,35.0425,73.5024,90.3388,42.2500,77.3100
806,34.8447,70.3074,91.8438,53.7500,86.4300
807,34.6972,68.7390,89.9656,56.7500,84.0300
808,34.4950,72.1136,88.0319,38.5000,68.5900
809,34.4972,72.9810,89.8531,49.5000,70.4800
810,34.3161,73.9925,95.5594,47.7500,81.5400
811,34.2482,71.8812,91.3262,44.5000,77.6500
812,34.0626,68.6315,85.4550,39.2500,70.4400
813,34.2942,69.2539,83.4737,40.7500,64.0900
814,34.4647,71.4879,91.6494,38.7500,74.4300
815,34.6627,71.4146,96.0444,46.7500,85.0000
816,34.7686,71.4822,91.0981,44.0000,73.5500
817,34.6694,70.9471,83.8163,39.0000,69.8900
818,36.5077,71.9069,83.4713,59.5000,70.4100
819,35.8896,75.9843,94.1981,55.7500,83.2300
820,35.5853,76.0281,100.8475,62.5000,93.8900
821,35.1038,72.5124,93.6431,66.0000,81.6600
822,34.9039,68.5113,84.7663,45.0000,69.5800
823,34.6786,70.4628,84.3962,49.0000,65.0200
824,34.5135,73.5628,91.7675,39.5000,73.3200
825,34.5451,76.8553,94.4044,44.0000,84.2700
826,34.1787,76.0807,92.5788,36.5000,74.3300
827,34.1738,70.1547,85.4444,31.5000,68.8100
828,33.9616,67.0661,84.3112,44.7500,61.3100
829,33.9671,66.2538,91.1369,27.5000,71.7600
830,34.0619,74.0196,96.9563,51.0000,89.1100
831,33.8839,77.4026,91.9981,50.7500,78.6000
832,33.7260,74.9228,86.0369,47.2500,71.0000
833,33.8901,72.1219,84.6687,37.7500,64.7300
834,36.2333,70.6450,91.9069,40.2500,82.2100
835,35.7943,71.3538,98.2838,70.5000,96.7200
836,35.7431,75.1462,95.3619,73.2500,88.3600
837,35.6336,75.3054,89.9437,54.2500,74.4200
838,35.5581,75.2650,87.0419,37.7500,70.8100
839,35.1765,73.2846,92.1637,43.0000,83.6800
840,34.7426,70.5111,89.9744,56.5000,79.3000
841,34.5816,71.7085,92.1637,55.0000,76.0000
842,34.2859,72.3988,88.4512,38.0000,71.7600
843,34.1105,69.4519,87.4744,29.5000,71.0500
844,33.7906,68.0108,87.8719,39.2500,72.2100
845,33.7490,70.3367,87.9875,41.5000,74.0300
846,33.8079,73.9328,91.8994,42.2500,76.3300
847,33.9256,77.1206,93.2337,35.2500,72.6800
848,33.8765,73.9321,91.3125,43.0000,74.5500
849,36.0456,71.1904,88.9469,43.7500,73.7200
850,35.2973,69.2976,89.2450,60.2500,78.5700
851,34.8827,70.0442,92.5406,61.5000,83.2100
852,35.2247,75.7706,94.4837,51.2500,78.7100
853,35.0588,78.4519,92.3988,48.2500,79.9800
854,34.9000,75.3925,91.4494,46.5000,75.1300
855,34.8110,70.6139,88.1606,45.0000,66.0300
856,34.6563,67.5704,86.9344,39.7500,77.5300
857,34.6135,69.2222,89.6012,45.7500,82.5500
858,34.5651,71.5243,92.2787,45.2500,81.7400
859,34.2747,72.7386,92.4631,39.5000,69.8200
860,34.3700,73.0367,91.2056,33.5000,69.6900
861,34.0142,71.8872,86.2156,37.2500,76.1400
862,34.0005,72.2861,86.2100,39.7500,77.3900
863,33.9687,73.0393,91.6556,31.7500,73.9400
864,33.9243,72.0354,95.0350,38.2500,69.5200
865,36.0928,68.5553,90.9531,38.2500,71.7100
866,35.9907,71.8328,91.1663,70.0000,88.5600
867,35.7805,74.8443,89.1906,59.2500,86.8600
868,35.4756,77.6747,90.2619,52.2500,76.9400
869,35.3473,76.6068,96.6719,48.2500,81.2200
870,34.6118,72.5556,93.6856,69.0000,86.7000
871,34.4979,67.4342,86.0169,43.2500,77.7900
872,33.9664,66.3935,85.1219,48.0000,73.1600
873,33.9269,70.3939,90.0031,39.5000,68.6900
874,33.9946,75.7039,93.8900,34.0000,71.9600
875,34.0190,74.3410,91.3112,42.0000,81.8500
876,34.1902,71.4313,88.1363,47.7500,75.3800
877,34.0877,70.9696,86.9019,36.2500,72.0100
878,34.1114,70.3521,88.7450,27.5000,60.5700
879,34.0539,71.7574,90.3644,42.7500,79.9400
880,35.5879,70.6236,92.1575,46.5000,80.2200
881,36.3927,73.5563,91.7956,42.2500,73.6000
882,35.6996,74.0022,91.7219,53.2500,75.1500
883,35.6435,73.8964,91.3225,60.7500,87.0600
884,35.3246,73.4858,88.8562,61.7500,85.1800
885,34.9896,73.2622,89.3950,39.7500,76.1400
886,34.4430,72.8515,92.2900,44.0000,71.7500
887,33.9804,70.7260,93.1006,34.2500,68.4900
888,33.6310,71.7314,90.1256,48.7500,84.5300
889,33.6448,71.9133,85.5631,54.5000,81.5900
890,33.5031,71.1719,82.8219,34.7500,70.7400
891,33.5135,72.9321,93.8538,30.7500,64.8200
892,33.4581,72.7617,94.0869,32.2500,74.8900
893,33.5953,73.1824,93.8463,50.2500,86.1300
894,33.8845,70.5735,85.8625,39.7500,77.5400
895,34.0991,68.7707,81.3913,29.0000,67.5200
896,36.6017,70.0260,86.1612,34.7500,65.0600
897,36.5464,75.9547,99.1844,37.5000,77.7200
898,36.1049,77.1857,99.6531,78.0000,88.2100
899,35.7128,74.7615,92.2750,68.0000,79.3600
900,35.1928,73.4457,87.2606,52.2500,78.0800
901,34.6039,70.0621,83.3125,45.2500,74.5900
902,34.1777,69.9985,88.2288,41.7500,73.5800
903,33.7948,70.1113,92.1263,50.5000,78.4100
904,33.6046,72.7636,94.6994,60.2500,79.8700
905,33.4998,71.4993,89.4894,44.2500,74.8200
906,33.2682,69.7035,83.3331,41.0000,68.3400
907,33.1234,70.9126,82.9662,32.5000,69.8600
908,33.2878,71.7485,89.3812,38.7500,72.1500
909,33.3988,73.0522,98.3406,43.0000,79.1300
910,33.7264,72.3082,94.5488,45.7500,77.2500
911,33.9579,69.7589,84.5294,29.2500,66.4200
912,36.2119,69.6635,80.0806,44.0000,70.4600
913,36.0980,73.4674,87.2731,56.0000,80.6300
914,35.5973,76.0788,96.1981,63.2500,88.4400
915,35.2908,75.6614,99.1075,55.2500,83.7400
916,34.8444,71.3250,88.9150,55.5000,78.5000
917,34.3664,67.3288,80.7869,40.5000,71.5400
918,33.7383,67.9246,82.1438,54.2500,70.8900
919,33.6361,71.2885,93.3294,42.7500,80.5900
920,33.5783,73.5193,96.1012,52.7500,79.4100
921,33.5416,74.1413,90.2344,52.0000,76.7600
922,33.5576,69.9285,82.5781,34.2500,68.0000
923,33.6165,66.7714,79.7462,41.7500,67.3900
924,33.4182,67.0074,85.5575,32.5000,71.9600
925,34.1898,70.5933,96.9975,38.5000,81.2500
926,35.7169,76.1956,98.9469,58.0000,88.7400
927,35.0792,75.7153,90.4119,48.2500,72.2200
928,34.5764,72.5678,84.1862,45.0000,71.5300
929,34.3131,70.1586,83.2506,42.7500,79.1800
930,34.1129,71.2756,92.4594,62.0000,88.7100
931,33.5911,68.1818,91.7712,41.5000,71.9900
932,33.3429,65.3538,87.5181,51.5000,64.2800
933,33.2963,67.1462,84.5356,38.2500,69.7800
934,33.2990,70.4804,84.9131,50.2500,79.6900
935,33.3711,73.2792,87.7375,48.2500,77.7600
936,33.4035,74.7822,92.0300,38.5000,69.9000
937,33.2881,70.9229,86.3794,24.5000,63.4700
938,33.3352,68.3946,88.0100,44.2500,75.7400
939,33.4513,66.8167,88.5413,39.2500,79.0000
940,33.5957,68.7660,86.6225,36.7500,74.3300
941,33.5857,72.4369,88.9788,40.0000,68.5900
942,35.6617,73.2256,88.5206,30.5000,62.3600
943,35.6152,74.5250,92.6731,33.7500,77.5200
944,35.2520,72.6785,91.7337,67.2500,90.2500
945,34.7894,70.6182,88.4756,61.5000,82.6300
946,34.5164,70.7296,90.5244,45.2500,72.8100
947,34.2674,70.5108,91.0975,43.0000,69.2800
948,33.7252,70.6167,89.1944,31.5000,66.7800
949,33.5116,68.3382,86.2781,40.0000,77.9300
950,33.3131,69.2494,85.3344,49.2500,75.4800
951,33.3608,72.1897,87.8950,44.5000,74.0700
952,33.2834,74.1260,91.3669,37.0000,70.9300
953,33.1064,71.4692,88.4525,34.2500,66.8200
954,33.1327,69.1736,88.8169,47.0000,82.1500
955,33.2312,66.1913,87.7225,42.5000,77.1700
956,33.4990,67.5713,86.4762,45.5000,71.6000
957,35.6176,74.9890,89.8313,39.5000,68.4000
958,34.8472,76.6910,89.4581,51.7500,69.5600
959,34.5542,72.1675,90.8688,42.2500,79.3600
960,34.4393,69.9156,92.7962,75.2500,96.8700
961,34.2083,68.4503,93.0131,58.2500,84.7900
962,33.9890,69.8660,91.1750,50.7500,79.1200
963,33.8789,72.0011,85.3106,34.5000,66.3900
964,33.7131,71.8199,82.4413,27.2500,63.2600
965,33.5427,71.9660,89.7325,45.0000,81.9900
966,33.3294,69.9589,89.9512,42.5000,77.0300
967,33.2241,68.7736,90.5700,38.2500,70.3500
968,33.1403,68.3394,83.9212,37.0000,63.0800
969,33.2705,69.5672,82.0400,32.0000,61.0900
970,33.2430,70.7985,87.9669,36.7500,68.7700
971,33.2496,70.8951,93.1294,50.2500,88.7000
972,33.6581,68.9375,89.1769,46.0000,75.2400
973,35.7997,71.1107,89.7106,53.2500,75.9100
974,35.1169,73.5157,84.3425,48.7500,66.7600
975,34.5535,74.3942,89.4625,48.0000,83.8200
976,34.3221,74.3078,95.6212,60.5000,90.0100
977,33.9573,71.2986,93.5681,37.0000,75.1000
978,33.7010,70.1801,88.3631,45.7500,67.9000
979,33.4164,69.1983,83.0219,32.0000,61.8400
980,33.2842,68.2728,86.1325,36.0000,70.8500
981,33.2826,68.7626,90.1044,52.7500,81.1900
982,33.3697,69.4356,88.8131,35.7500,73.1100
983,33.3693,70.3122,85.7431,38.5000,65.6100
984,33.3424,70.6592,84.5738,35.7500,68.3300
985,33.2054,69.7562,87.8144,29.7500,68.9700
986,32.9517,70.2668,92.3662,42.7500,83.2100
987,32.7288,68.1075,86.3187,34.5000,73.7000
988,33.7926,68.9924,83.0625,39.2500,65.4600
989,35.0285,72.0354,85.9212,48.7500,73.8700
990,34.4563,71.7476,90.3969,53.0000,82.1200
991,34.2278,72.2265,93.7988,63.0000,85.0300
992,34.0510,71.8690,89.5244,39.7500,72.6900
993,33.6657,70.7176,84.3850,43.7500,63.9300
994,33.3428,70.4799,86.8456,31.2500,62.5400
995,33.0427,72.3018,93.2650,52.7500,87.8100
996,32.8663,71.0022,87.7756,50.2500,78.4800
997,32.6836,69.6740,83.6569,40.0000,70.5900
998,32.7772,66.3174,79.6831,35.5000,64.2800
999,32.9447,64.7767,79.3344,32.7500,58.3000
1000,33.2431,68.0639,92.6556,40.0000,83.7800
1001,33.3611,71.8586,94.3100,46.0000,80.2500
1002,33.4035,72.8689,88.6050,43.5000,73.1400
1003,33.4343,71.2336,83.6950,40.0000,69.0500
1004,35.2890,68.8956,81.3475,38.7500,66.0200
1005,34.9860,71.3719,88.4563,41.2500,83.4000
1006,34.3116,71.4432,95.2319,60.0000,88.0000
1007,34.1476,71.3347,93.0244,55.7500,79.3400
1008,34.1610,70.5676,87.6981,48.0000,68.7200
1009,33.7788,68.3683,84.3012,39.7500,67.8800
1010,33.3132,68.2312,84.8562,36.7500,74.7900
1011,33.0138,69.8990,87.0519,52.2500,77.6300
1012,32.8393,71.4447,89.1856,46.2500,70.9600
1013,32.7583,70.2533,88.2469,35.2500,75.9700
1014,32.6376,67.4579,85.8706,34.2500,70.9000
1015,32.3440,67.0392,87.7406,35.5000,60.6300
1016,32.3267,70.0285,88.3450,40.0000,73.3000
1017,32.4724,71.0932,86.5281,55.2500,86.3300
1018,32.5607,70.6113,84.1750,51.2500,79.8200
1019,34.7054,71.2678,88.9713,42.2500,71.9500
1020,34.1435,69.9646,94.5231,48.7500,74.2900
1021,33.7721,69.3856,93.4350,53.5000,84.9400
1022,33.6990,71.2476,89.5175,74.0000,90.7300
1023,33.4601,73.3710,87.1744,54.0000,81.3800
1024,33.1417,71.5663,84.0469,50.7500,69.8600
1025,32.7891,68.6997,83.5188,37.5000,65.0500
1026,32.6762,66.0419,86.2087,38.2500,69.0000
1027,32.6359,66.0050,90.2962,56.0000,84.9000
1028,32.7397,67.3017,90.3744,49.2500,81.1800
1029,32.9652,69.2078,84.8538,42.0000,70.5900
1030,32.9894,69.0129,80.9031,32.5000,62.0900
1031,32.9472,69.7376,81.0525,39.5000,62.2500
1032,33.0324,70.7842,92.2594,38.0000,78.1800
1033,32.8848,69.6735,94.7450,43.7500,82.9700
1034,32.7337,67.6317,85.6875,37.5000,70.4500
1035,34.6682,67.5453,80.0638,42.7500,70.2000
1036,34.2913,66.9911,80.5238,46.2500,71.1300
1037,33.8740,67.7757,93.4975,55.7500,85.1500
1038,33.7283,72.2613,98.0050,62.2500,83.4200
1039,33.3634,72.2653,89.3106,53.2500,77.1800
1040,33.1287,71.2126,81.7631,39.7500,68.3300
1041,32.9823,70.3751,80.9137,44.7500,69.8500
1042,32.6308,68.3821,87.8487,38.5000,74.1200
1043,32.6164,67.7606,91.0731,37.7500,74.5800
1044,32.4878,65.5651,86.4425,37.5000,67.5600
1045,32.2766,67.7315,84.0269,33.0000,69.6000
1046,32.3998,69.6072,84.5931,31.0000,66.9300
1047,32.3314,70.5290,86.3037,47.2500,78.0900
1048,32.4383,70.3662,88.4000,44.2500,70.3200
1049,32.5640,69.8867,88.7525,34.2500,75.3800
1050,32.8175,70.5574,88.0113,43.0000,80.6700
1051,32.7276,67.9196,85.6319,29.5000,71.0000
1052,34.8213,67.1338,83.1475,46.7500,70.8100
1053,34.1849,68.8483,86.8619,60.0000,69.7600
1054,33.8936,69.9821,89.4331,53.2500,78.5000
1055,33.8234,72.9746,94.7600,68.0000,91.3100
1056,33.7330,72.8853,89.6113,64.0000,85.7900
1057,33.4165,70.1114,82.7744,45.0000,73.3100
1058,33.0091,66.7301,79.0075,44.0000,67.5400
1059,32.7329,65.5900,85.4231,30.7500,59.0600
1060,32.6087,66.7585,92.0594,30.0000,74.3000
1061,32.5117,70.4596,90.0856,51.2500,85.4000
1062,32.4108,69.9846,83.3863,36.0000,75.2000
1063,32.3418,67.7147,81.5356,35.2500,64.9500
1064,32.1163,64.7279,83.7081,35.0000,62.8000
1065,32.0081,66.7835,89.8494,21.0000,73.6400
1066,32.0012,67.5864,89.1269,43.2500,81.8800
1067,33.7285,66.9986,81.5231,34.0000,74.0000
1068,34.2998,72.1861,85.4488,45.5000,70.5500
1069,33.7028,73.1235,87.8838,55.7500,73.9900
1070,33.3180,71.9157,94.3206,42.7500,77.9500
1071,33.0351,69.5082,91.1888,63.7500,86.4600
1072,32.8069,66.6529,83.2044,50.0000,75.0300
1073,32.5681,66.1051,78.2712,44.7500,66.8600
1074,32.7576,67.0699,80.2719,37.2500,66.9800
1075,33.0007,69.4376,92.5687,45.7500,79.9900
1076,32.9436,71.0082,92.2275,42.7500,80.8000
1077,33.0619,69.2417,85.2956,37.7500,73.8500
1078,32.8990,66.9240,78.2625,39.0000,66.2900
1079,32.7252,63.6021,77.8731,33.5000,64.0800
1080,32.7313,66.3754,87.2344,28.5000,74.9100
1081,32.4870,70.0208,88.4044,36.2500,73.4000
1082,32.6072,71.1349,86.3631,45.5000,69.1100
1083,34.2666,72.4261,84.8644,36.2500,66.7000
1084,33.7706,70.8174,84.7069,53.2500,74.0600
1085,33.4338,69.5244,89.1263,60.0000,90.5500
1086,33.1152,69.1876,89.9250,46.7500,76.6300
1087,32.8933,68.6975,87.0431,45.0000,77.3100
1088,32.5102,69.4267,82.5606,45.0000,65.0700
1089,32.1236,67.9088,80.8881,26.5000,64.7900
1090,31.7665,66.8042,85.7081,37.2500,80.8000
1091,31.8363,67.9360,88.2119,50.2500,78.9200
1092,31.8954,69.8829,87.3725,31.5000,66.3400
1093,32.1312,70.5293,85.6875,38.5000,64.7900
1094,32.5334,69.7382,83.2487,40.5000,76.7400
1095,32.6721,69.1085,81.9538,39.7500,75.7200
1096,32.6806,66.4201,82.0263,49.5000,75.9800
1097,32.6716,67.0629,84.6825,38.5000,66.6100
1098,32.5902,67.8118,88.7513,39.2500,70.2100
1099,34.5657,69.2056,89.2481,49.2500,77.6900
1100,34.1560,70.9261,90.3681,64.7500,82.9900
1101,33.6826,72.6114,86.1012,57.2500,77.7800
1102,33.5179,70.5581,81.5481,43.5000,69.8500
1103,33.4668,70.9886,82.5950,39.5000,66.7200
1104,33.0278,68.1546,85.6669,39.5000,76.3100
1105,32.6964,66.5094,90.1844,45.2500,78.2200
1106,32.3078,64.4181,86.3775,40.7500,69.7700
1107,32.0194,65.3772,84.0981,35.7500,61.7400
1108,32.1779,70.6890,80.5931,38.2500,57.2100
1109,32.2391,71.1504,84.0919,36.5000,73.3700
1110,32.2866,69.3644,87.4581,47.5000,78.6600
1111,32.0834,64.9747,86.1125,42.0000,73.1500
1112,31.9869,62.2847,82.8300,41.7500,63.3700
1113,31.9475,61.8736,79.3900,35.2500,59.8900
1114,34.1013,69.6324,83.6475,30.0000,68.3600
1115,33.9468,77.7265,92.1012,76.7500,86.9100
1116,33.3653,73.6514,92.2006,64.2500,86.4400
1117,33.0904,67.6075,86.4837,47.5000,69.8300
1118,32.9000,63.9940,82.6644,36.7500,64.3900
1119,32.9204,63.6375,82.5725,36.2500,68.6600
1120,33.2034,69.0328,85.5863,43.5000,79.1100
1121,32.9865,71.9725,85.5294,49.0000,73.3600
1122,32.5789,69.9775,85.2237,43.7500,68.7600
1123,32.4190,69.4657,85.5219,27.0000,69.1100
1124,32.2534,66.9465,86.9269,35.0000,75.0200
1125,32.3063,65.1679,85.7337,45.5000,77.0800
1126,32.4104,69.0269,83.0425,36.2500,65.3200
1127,32.5329,69.4854,81.9669,39.0000,64.1100
1128,32.4686,66.7261,84.0319,23.0000,67.0000
1129,32.3723,65.9753,87.1219,53.0000,83.2500
1130,32.1928,64.9714,85.5781,42.0000,71.4500
1131,34.2258,67.1833,84.4262,46.2500,68.9900
1132,33.9054,72.2340,87.1588,44.7500,76.9200
1133,33.6220,73.6558,86.6012,55.7500,79.0800
1134,33.1687,71.7356,87.4719,61.7500,77.0200
1135,32.7476,68.1936,84.6044,42.7500,72.0800
1136,32.3523,65.4664,84.3838,47.5000,65.1800
1137,32.0916,66.0468,86.4463,38.7500,71.1400
1138,31.7953,66.7760,86.4488,43.7500,79.4300
1139,31.6972,67.2026,84.7681,40.7500,73.1300
1140,31.5075,66.9222,80.8919,32.5000,69.0200
1141,31.5490,68.8247,83.4287,46.0000,66.4700
1142,31.6523,69.6996,87.6375,36.0000,72.2900
1143,31.7988,69.2860,85.6656,34.7500,73.5800
1144,31.7896,65.8914,83.1550,42.0000,73.1700
1145,31.9245,64.0821,82.3375,32.2500,65.5400
1146,32.0899,65.3582,81.7219,36.5000,67.2700
1147,34.3624,67.6668,85.4644,39.2500,77.0600
1148,34.5900,73.2465,93.9181,58.7500,87.1100
1149,34.3144,73.0860,89.3806,56.7500,75.5600
1150,33.8980,68.5231,81.9906,41.5000,67.6900
1151,33.5405,65.4357,83.9019,40.0000,72.3900
1152,33.0315,64.2643,85.6156,44.5000,76.3600
1153,32.6032,66.7290,89.7288,46.5000,77.0600
1154,32.3935,68.1804,85.2688,42.5000,67.9300
1155,32.2168,69.9658,83.0156,35.5000,68.0400
1156,32.0083,69.3385,82.6100,49.2500,79.7700
1157,31.7666,66.8449,84.2256,48.0000,76.8400
1158,31.6288,65.2244,84.5794,42.7500,69.9800
1159,31.7115,64.5415,83.5587,29.0000,62.6100
1160,31.7623,66.3707,85.2613,29.5000,64.1500
1161,31.9055,68.6868,85.1306,48.5000,76.3400
1162,31.9790,69.0053,83.3712,46.7500,75.1500
1163,34.3241,69.1122,87.1137,48.5000,73.5700
1164,33.9659,70.1178,89.3938,40.2500,73.2500
1165,33.6245,69.4233,88.8300,60.7500,82.2200
1166,33.5222,70.1808,84.9975,58.2500,84.2500
1167,33.4304,68.9350,81.8894,49.5000,75.1300
1168,33.0587,65.7075,84.8881,44.7500,69.5100
1169,32.7618,64.8732,89.0462,37.0000,66.7700
1170,32.4615,65.4778,88.7925,50.5000,83.3000
1171,32.3785,68.9550,85.0425,51.0000,77.2600
1172,32.1891,70.4142,79.1725,34.5000,70.3700
1173,32.3299,69.1012,76.8938,34.7500,65.0900
1174,32.2422,66.6881,83.1356,25.5000,58.2100
1175,32.1151,64.8069,90.9200,45.0000,76.5200
1176,32.1565,63.3262,91.3250,49.7500,83.6200
1177,34.3751,66.2508,85.9887,47.2500,79.3900
1178,34.1778,74.8478,82.5738,44.5000,71.6800
1179,33.6404,72.5054,79.0969,45.0000,68.7300
1180,33.2769,68.2231,83.3825,38.7500,70.2800
1181,33.1497,66.7711,92.0469,53.5000,79.4500
1182,32.6178,66.1904,89.9362,45.0000,78.1700
1183,32.4906,68.2689,84.7181,47.0000,70.6700
1184,32.3314,68.0925,76.9675,29.7500,62.6600
1185,32.2084,64.7646,73.3544,25.0000,59.1200
1186,32.1662,65.8094,83.0050,23.0000,58.2300
1187,32.1298,67.7789,91.9788,43.5000,79.1400
1188,32.0122,67.8965,89.2113,40.0000,72.8500
1189,31.8742,69.0731,81.7100,45.7500,68.4000
1190,31.9172,68.5622,81.0456,29.5000,68.1900
1191,31.9028,66.7400,84.2513,31.0000,61.3000
1192,32.0372,65.9908,87.3562,32.5000,68.3100
1193,32.2657,66.5790,86.0013,47.0000,77.6700
1194,34.6953,68.1282,85.3619,50.0000,78.5100
1195,34.6752,71.9376,87.1850,44.7500,77.0500
1196,34.2581,71.9007,85.8850,45.2500,66.4700
1197,33.9441,70.0961,87.9750,35.7500,67.7600
1198,33.7194,68.1846,85.7669,51.2500,79.2600
1199,33.2888,66.5607,83.7081,48.5000,79.6600
1200,32.7852,66.8250,84.3388,33.2500,70.4300
1201,32.5312,68.4600,84.2700,42.2500,63.0000
1202,32.3341,68.3368,83.2063,34.0000,60.4400
1203,32.0806,67.1061,80.5075,22.2500,59.2600
1204,31.9051,65.1971,82.0925,40.0000,82.0500
1205,31.8009,65.9793,86.6450,41.5000,81.5500
1206,31.8054,68.1174,85.7581,41.2500,68.8600
1207,31.8523,69.9501,84.6225,37.7500,61.6800
1208,32.7714,67.0361,82.2038,29.2500,62.7600
1209,33.7261,67.1357,82.1381,33.0000,66.3000
1210,33.5469,67.0940,87.6038,66.0000,94.4400
1211,33.4427,68.5794,89.2969,73.0000,88.9700
1212,33.4621,72.6540,90.2381,61.7500,75.7100
1213,33.3026,73.4279,83.2012,44.0000,62.3400
1214,32.7091,67.9904,76.2056,41.0000,61.8600
1215,32.2756,63.1817,81.3913,32.2500,68.9100
1216,32.2015,61.7742,86.1731,56.0000,80.5800
1217,32.1450,64.7653,86.8200,41.0000,72.9200
1218,32.2463,69.3515,84.6281,30.5000,63.3200
1219,32.3695,72.4942,79.1338,38.0000,63.4700
1220,32.2553,70.8082,80.7075,20.7500,62.9700
1221,32.0509,66.9300,87.2406,49.2500,81.2300
1222,31.8894,62.8731,87.6956,38.7500,75.0300
1223,31.6418,61.2307,83.3225,37.0000,66.9000
1224,31.6684,62.9657,79.9300,28.7500,58.3800
1225,32.7491,68.2047,78.1925,26.2500,63.6700
1226,34.2184,75.2432,89.7838,70.7500,88.7900
1227,33.8142,73.1428,92.4456,58.2500,81.6700
1228,33.6179,70.1289,90.0163,49.0000,69.4800
1229,33.6152,68.0746,82.9781,40.7500,66.0600
1230,33.5224,66.5176,81.3463,54.0000,79.8000
1231,33.1611,66.3004,83.2525,50.2500,72.3600
1232,32.9282,67.1188,87.4331,47.7500,72.4000
1233,32.7202,65.2050,86.0762,37.0000,64.3100
1234,32.2901,64.8843,83.4056,29.5000,66.2600
1235,32.3035,66.3135,82.4725,36.0000,69.2400
1236,32.2687,71.0783,84.0669,48.7500,74.6200
1237,32.1250,70.9737,83.9150,44.0000,67.5400
1238,31.9638,68.8500,85.9800,38.2500,67.8200
1239,31.8511,65.9147,84.0475,25.5000,60.5800
1240,33.2142,63.0876,83.0650,27.0000,68.0200
1241,33.8616,68.1421,88.7613,56.0000,81.7200
1242,33.3619,73.6999,88.1531,57.7500,77.0500
1243,33.0436,71.8296,87.6488,52.2500,70.9200
1244,32.7836,69.8678,83.8631,46.5000,66.1700
1245,32.6999,67.7042,84.3425,55.0000,81.5500
1246,32.2346,67.7549,85.7738,48.0000,76.9600
1247,32.0632,66.0940,85.8512,35.7500,70.8800
1248,31.9289,66.0828,83.8794,28.2500,62.2800
1249,32.0905,67.2414,80.5563,43.2500,63.8800
1250,32.2370,66.6436,83.0938,38.2500,72.4900
1251,32.4808,67.6989,84.6000,54.5000,82.7200
1252,32.3899,68.5535,85.5531,39.2500,73.3000
1253,32.3317,67.2351,84.4325,40.7500,60.4900
1254,32.2830,66.5660,83.1781,37.2500,60.1400
1255,32.2308,66.9758,87.0875,37.2500,71.4500
1256,34.5668,67.3608,87.3444,49.0000,82.9000
1257,34.0606,69.6583,86.5325,59.5000,82.2000
1258,33.7275,70.6468,83.9256,45.0000,69.4200
1259,33.2730,68.2294,82.0969,42.0000,65.2200
1260,32.9883,68.6356,85.1012,38.2500,70.4400
1261,32.5752,69.2438,87.6750,65.2500,86.3300
1262,32.2307,69.4792,87.2275,37.5000,75.7400
1263,32.1427,67.0876,81.4413,38.5000,68.1000
1264,31.8342,65.5590,78.7188,40.5000,63.4300
1265,31.7586,64.8071,79.3956,34.0000,60.4200
1266,31.6636,67.7046,86.8644,38.7500,86.6700
1267,31.5346,69.1664,87.1356,39.7500,77.2600
1268,31.5522,69.6519,86.4700,45.2500,70.6700
1269,31.5485,67.9203,80.3481,38.7500,58.4700
1270,31.4679,64.8082,76.9550,27.2500,56.9600
1271,31.4737,64.2244,81.3775,25.7500,64.2200
1272,31.6118,66.4228,86.9550,34.2500,81.6200
1273,34.0362,70.0374,88.8487,52.0000,81.5700
1274,34.0053,72.6685,87.9469,53.7500,75.0800
1275,33.7026,70.2204,84.2269,42.5000,67.3000
1276,33.4601,67.0182,82.1206,39.5000,70.0500
1277,33.1681,66.1874,84.1200,53.7500,86.4200
1278,32.7206,66.2932,85.3944,54.7500,71.3800
1279,32.3282,67.4625,84.8756,38.7500,69.2600
1280,32.1282,68.9678,83.8125,43.7500,65.1100
1281,31.9343,66.2625,78.0062,30.5000,59.9200
1282,31.6657,65.9372,76.7300,33.7500,71.9400
1283,31.6927,66.0465,82.7262,43.0000,72.1700
1284,31.5701,67.5506,89.5469,38.5000,73.6000
1285,31.4715,69.5433,89.7994,36.0000,68.4500
1286,31.3288,67.1514,81.1194,35.0000,63.2300
1287,31.1602,64.7319,74.8337,41.7500,66.7500
1288,31.0394,61.6424,72.8350,46.0000,76.9400
1289,33.1636,65.2231,85.4300,43.2500,75.9800
1290,32.8092,70.6542,94.9563,52.7500,75.5000
1291,32.5692,72.1826,89.9025,44.0000,66.0400
1292,32.4422,70.5750,82.2744,53.7500,73.0800
1293,32.3553,67.3228,77.9106,46.0000,76.5200
1294,32.2937,66.3193,82.2044,48.2500,74.6800
1295,32.1509,66.7440,86.9006,51.7500,73.5100
1296,31.8584,65.2151,84.5062,46.0000,63.7100
1297,31.6555,64.8271,81.6537,40.7500,64.9700
1298,31.5929,66.8735,81.3275,40.7500,76.6400
1299,31.5020,66.5449,81.1575,50.2500,75.8800
1300,31.3515,67.4649,84.2462,36.0000,69.9400
1301,31.4048,67.9388,85.9550,25.7500,60.4100
1302,31.4156,66.1142,80.1525,32.0000,59.0300
1303,31.3521,64.3065,78.7394,30.5000,63.4500
1304,31.4754,64.7231,80.3863,46.7500,79.4300
1305,33.8545,65.9915,84.4819,56.7500,80.7000
1306,33.7918,71.4149,88.5475,47.7500,72.9200
1307,33.5397,72.2585,87.3719,50.5000,70.1000
1308,33.2116,70.2439,85.8356,46.5000,72.9100
1309,32.8348,67.8894,85.4112,48.5000,79.4200
1310,32.4249,65.1139,80.9031,55.2500,76.3700
1311,32.0488,64.8901,80.3438,41.0000,65.6100
1312,31.7538,64.7268,84.6381,38.0000,63.2300
1313,31.5087,66.3399,84.7694,34.7500,65.3900
1314,31.4558,67.2594,84.3388,46.0000,79.6800
1315,31.5007,67.3406,80.9538,42.0000,73.7300
1316,31.3840,66.5803,80.9563,38.7500,65.5800
1317,31.3351,66.2822,83.6475,41.5000,70.1800
1318,31.1941,66.5678,84.8119,44.7500,68.4900
1319,30.9863,65.5160,82.1006,30.5000,70.1700
1320,30.9242,64.6792,77.3262,37.0000,65.5500
1321,32.8221,66.3379,80.7681,28.5000,57.0100
1322,32.5215,70.9329,91.9050,64.7500,90.5500
1323,32.2063,71.2939,93.5413,59.7500,89.0000
1324,31.8434,68.7822,86.4481,45.7500,78.5400
1325,31.5389,63.4581,76.1169,41.2500,67.3400
1326,31.5643,62.4897,71.5062,31.0000,62.2100
1327,31.5314,65.1961,78.2075,22.7500,55.9900
1328,31.5375,71.0626,93.6775,43.0000,81.5700
1329,31.4009,69.2306,91.4644,48.5000,81.9100
1330,31.1834,65.4135,81.7763,51.0000,75.7700
1331,31.2313,63.3272,74.8619,37.5000,61.5200
1332,31.3912,61.5081,74.5038,34.7500,62.1900
1333,31.7506,63.7779,80.5762,32.7500,70.6600
1334,31.9216,68.2026,91.0706,38.7500,79.9800
1335,31.9773,69.2213,86.1969,55.5000,76.2500
1336,32.0224,67.9746,80.0744,32.0000,67.9700
1337,33.8242,67.0771,79.9300,38.2500,66.6300
1338,33.2451,67.0044,83.9344,39.0000,66.3000
1339,32.7069,67.8417,88.8863,47.2500,80.7100
1340,32.4594,68.3410,87.6438,58.2500,79.7000
1341,31.9829,66.1994,81.0312,50.5000,73.5900
1342,31.6734,66.9678,82.7125,44.5000,69.0000
1343,31.3980,67.8686,85.5906,35.5000,66.3400
1344,30.9764,67.1847,83.2637,36.2500,61.5300
1345,30.8580,65.8972,81.2381,43.2500,67.9300
1346,30.8676,65.2843,81.2706,38.2500,79.9600
1347,30.7482,65.2954,84.5481,44.0000,73.7500
1348,30.7342,65.0676,85.1831,37.2500,63.1300
1349,31.9811,64.1312,82.3931,35.0000,66.3200
1350,33.0440,67.4049,81.0475,53.7500,67.9900
1351,32.6814,69.5228,81.3750,48.2500,83.9000
1352,32.5258,70.2197,88.2019,71.7500,87.1700
1353,32.3438,69.3679,90.5287,55.7500,81.6300
1354,31.9140,65.8863,84.5769,41.7500,65.2600
1355,31.3011,62.5865,77.1525,39.7500,58.4500
1356,31.0802,62.7944,78.0481,37.5000,69.0900
1357,30.9238,64.1817,80.6113,42.2500,77.0300
1358,31.0732,67.6117,83.9494,49.5000,75.8600
1359,31.1491,70.4690,84.9306,32.0000,66.8200
1360,31.0127,68.0287,83.8838,35.5000,61.2100
1361,30.9918,65.4382,83.3444,35.2500,67.3900
1362,30.8492,62.6933,79.1113,34.2500,69.8400
1363,30.9382,61.6694,77.6594,41.7500,73.9200
1364,31.1695,64.3096,76.8744,42.5000,63.3700
1365,31.5218,67.5785,84.8406,37.7500,69.9900
1366,33.5942,71.5514,91.8669,54.7500,78.8800
1367,33.1175,71.5942,89.6275,70.5000,84.7100
1368,32.7004,67.4057,82.8100,57.5000,74.7800
1369,32.4640,64.7435,77.5038,36.7500,62.0000
1370,32.2723,63.7732,77.4869,43.7500,68.6400
1371,32.2296,66.4199,82.6650,47.5000,80.6000
1372,31.9522,68.9071,87.2394,52.0000,77.2900
1373,31.7794,68.6717,87.1813,45.0000,68.9800
1374,31.4510,66.9311,82.1562,41.5000,60.1700
1375,31.2044,64.7790,76.4950,32.0000,57.9700
1376,30.8867,64.4560,76.8769,22.2500,63.7600
1377,30.5637,65.0557,84.5219,56.5000,84.9900
1378,30.4756,65.4590,85.4369,42.7500,77.1400
1379,30.5571,66.4610,84.3306,38.2500,70.5300
1380,30.5496,66.5943,78.6963,36.0000,60.8500
1381,30.7785,65.5992,76.4719,35.0000,57.8300
1382,32.9074,66.6386,83.7894,31.5000,73.8600
1383,32.9648,69.6654,87.8056,71.2500,81.1200
1384,32.8296,70.4492,89.3394,59.7500,77.0100
1385,32.4483,68.0264,82.2050,47.5000,67.0000
1386,32.2542,66.9622,80.4094,30.0000,67.0400
1387,31.8573,64.7363,83.0144,43.5000,80.7300
1388,31.6513,62.9335,84.9744,52.0000,76.5600
1389,31.6060,64.4819,82.9081,40.5000,69.6700
1390,31.6373,66.6415,83.5512,34.5000,61.7700
1391,31.5961,66.6222,81.6625,32.5000,61.6900
1392,31.5808,68.8394,80.1406,39.7500,68.9000
1393,31.5999,67.8197,81.6312,46.0000,72.7400
1394,31.3517,64.8806,80.3938,42.2500,70.3700
1395,31.3561,62.6526,82.3494,44.7500,67.1800
1396,31.2570,62.9369,86.1475,28.0000,60.3600
1397,30.9544,65.5179,81.4156,37.5000,64.1500
1398,31.6924,67.5721,77.9325,44.0000,74.3300
1399,32.9721,71.7688,82.2531,51.2500,77.0400
1400,32.6721,70.2611,87.7613,44.0000,76.3000
1401,32.4769,66.3303,85.7506,52.7500,71.1800
1402,32.1336,63.8233,83.0113,52.2500,69.3400
1403,31.8377,63.9581,81.8456,36.2500,74.7400
1404,31.4160,65.7897,80.2806,59.0000,78.4000
1405,31.2036,70.1589,85.9013,56.0000,74.6300
1406,31.0523,68.2386,86.6500,39.0000,70.3500
1407,30.7550,66.0246,81.3281,37.5000,65.6000
1408,30.7249,64.7629,77.4956,46.5000,70.2400
1409,30.6815,64.6207,77.1619,35.5000,66.9300
1410,30.6953,66.1137,82.1731,37.7500,70.3100
1411,30.7000,67.0751,87.8119,45.5000,81.4600
1412,30.7730,66.2992,85.4706,36.0000,72.3400
1413,31.2422,66.4651,79.9944,41.0000,68.3800
1414,33.2239,68.4185,83.4669,51.7500,71.0400
1415,32.8301,69.5074,85.2262,59.7500,83.4800
1416,32.4781,70.0785,86.5537,68.0000,80.5700
1417,32.2077,67.1872,83.5738,51.2500,71.0100
1418,32.1262,65.5208,82.7169,41.0000,63.0200
1419,31.8895,65.2024,83.3731,39.5000,71.7000
1420,31.7628,63.5300,84.7175,35.5000,73.1000
1421,31.4732,65.7635,83.3544,40.5000,69.3900
1422,31.1821,66.2115,81.3319,38.7500,66.0100
1423,31.0127,67.4494,79.2756,34.0000,61.1800
1424,30.7851,66.4212,80.2744,27.0000,60.4500
1425,30.7331,65.6004,80.3244,45.7500,72.8200
1426,30.6792,65.4674,82.6988,56.5000,76.6100
1427,30.6938,64.2876,85.3294,44.0000,70.1000
1428,30.5813,62.9250,82.5425,37.2500,64.9400
1429,30.7373,63.5874,79.8238,30.5000,60.8800
1430,32.7394,65.0483,78.5350,37.7500,63.2100
1431,32.4633,69.2015,83.9544,50.0000,75.8300
1432,32.2340,70.6588,89.5731,78.2500,93.0700
1433,31.9851,69.9574,91.4737,51.2500,79.5900
1434,31.5899,67.8571,82.6894,48.0000,66.9200
1435,31.2678,64.6899,75.1750,48.0000,61.8400
1436,31.0915,60.7594,72.1706,45.5000,58.9900
1437,31.2866,62.1353,82.7481,39.0000,76.5000
1438,31.1766,66.2693,91.1462,52.0000,82.2900
1439,31.0987,68.0781,87.4119,38.0000,71.5800
1440,31.0972,68.2993,80.4662,44.7500,69.1100
1441,31.2669,66.3378,74.1513,48.5000,60.0500
1442,31.1442,62.5194,70.9437,35.7500,62.1600
1443,31.1927,63.8135,83.3294,30.5000,80.1700
1444,31.2885,67.2383,89.2819,38.7500,76.8100
1445,31.5761,68.0875,87.2469,40.7500,68.3000
1446,33.3131,69.3721,81.8944,42.2500,68.0600
1447,32.8185,67.4737,80.4994,37.0000,69.7600
1448,32.2460,65.3336,82.6694,65.0000,78.8000
1449,32.2253,66.5400,83.9319,47.7500,79.3500
1450,32.0305,68.0172,83.3613,49.0000,65.2200
1451,31.7357,69.0357,82.9975,37.0000,66.0700
1452,31.3093,64.2178,79.4350,22.0000,64.6400
1453,31.0624,62.0278,83.7075,57.7500,88.0200
1454,30.9161,61.4322,82.4700,47.7500,73.3900
1455,31.1522,64.0153,79.6306,36.5000,62.2100
1456,31.4193,68.8658,82.0600,34.7500,62.9200
1457,31.5069,71.2544,82.3006,24.2500,63.9200
1458,31.3438,67.3128,81.4688,42.2500,77.5600
1459,31.0959,62.1715,78.4750,37.0000,74.2900
1460,30.9031,58.7940,78.2856,33.7500,64.1900
1461,30.6680,59.4018,80.6988,29.5000,61.5600
1462,32.6362,63.9518,87.6506,30.2500,76.3200
1463,32.3719,72.0314,88.6475,49.2500,85.1400
1464,31.9709,72.6307,82.8606,65.5000,81.0900
1465,31.5675,68.2715,77.9706,64.0000,68.4100
1466,31.2408,66.1344,79.0256,40.0000,62.4000
1467,30.8746,64.3406,84.2312,33.5000,80.0600
1468,30.4444,63.8479,86.5894,62.5000,77.8900
1469,30.3009,63.4901,83.0875,36.0000,69.3400
1470,30.1151,61.3593,76.4275,37.2500,57.2800
1471,30.0820,63.1039,76.5062,35.7500,56.0400
1472,30.3604,67.2360,80.1675,29.2500,71.5600
1473,30.4357,66.7633,80.3756,49.5000,78.5100
1474,30.6598,65.2440,81.8256,42.0000,72.4400
1475,31.0409,65.9039,83.6075,29.0000,58.9800
1476,33.2334,65.5028,82.4112,37.7500,64.1000
1477,32.9239,66.2540,85.0038,37.2500,74.8500
1478,32.7274,67.3589,84.0038,73.5000,87.5800
1479,32.6647,67.0281,81.0813,55.2500,71.6000
1480,32.3077,66.6881,81.1269,41.7500,65.6000
1481,31.8742,66.5328,84.4981,43.7500,67.0000
1482,31.4855,65.1293,85.4925,43.5000,76.1400
1483,31.2229,64.6736,82.3631,51.7500,74.4400
1484,30.8790,63.1393,76.7206,45.7500,67.6700
1485,30.6956,63.8672,76.3756,33.2500,60.9700
1486,30.6293,63.9718,83.4231,29.5000,67.1800
1487,30.6811,64.2310,86.9675,53.5000,79.2600
1488,30.8927,63.9757,84.6637,35.7500,70.8400
1489,30.9138,62.7603,77.5225,41.5000,65.7300
1490,30.8089,64.3585,75.4313,40.0000,59.1700
1491,30.6292,64.7954,77.4244,27.7500,55.0100
1492,32.5492,68.0697,86.8425,56.7500,81.5400
1493,32.5486,71.4622,91.9300,73.7500,82.7000
1494,32.4462,67.6396,84.8138,48.7500,75.5700
1495,32.1336,62.4914,77.3812,37.2500,61.2300
1496,32.0513,63.2396,79.5775,36.2500,61.8100
1497,31.9501,65.6719,86.7637,44.5000,73.3300
1498,31.5601,65.6072,86.9337,40.0000,76.6100
1499,31.2208,65.0099,81.5137,36.5000,66.7700
1500,31.0625,63.2446,73.8988,39.7500,59.1300
1501,30.8902,65.0533,76.1806,33.5000,61.0000
1502,30.7140,67.5340,84.2206,36.0000,66.9700
1503,30.5494,66.7989,87.6137,57.0000,77.2100
1504,30.4854,63.9815,84.9437,43.5000,72.6100
1505,30.4565,62.8075,79.0619,34.5000,64.8200
1506,30.4911,61.9692,74.5169,34.2500,63.5200
1507,30.6300,65.0236,81.2250,39.2500,74.2200
1508,32.6371,67.6833,89.2044,57.2500,78.7300
1509,32.3905,70.2058,87.8131,61.0000,81.7500
1510,31.9068,67.4435,81.5769,51.0000,69.4600
1511,31.6167,64.8824,78.2862,58.5000,70.4700
1512,31.5464,64.0154,81.4100,32.0000,66.5400
1513,31.5500,65.2724,85.0281,59.0000,76.0000
1514,31.6709,66.8585,84.8131,56.0000,73.6800
1515,31.4448,65.7235,79.3556,36.7500,67.5600
1516,31.2756,63.5035,75.4737,31.2500,58.8500
1517,31.0915,62.5731,79.3769,35.7500,67.4000
1518,30.9426,62.1806,81.1188,36.7500,69.8400
1519,31.0991,65.5528,82.3150,42.5000,70.9400
1520,31.1741,65.8660,80.9125,32.2500,59.8100
1521,30.8440,64.0263,77.7113,35.5000,62.4500
1522,30.7286,62.4317,79.9700,46.7500,71.1200
1523,30.8329,62.2776,80.8231,38.7500,70.9500
1524,32.9618,64.2360,82.8631,36.2500,65.5800
1525,32.6275,70.0306,84.8487,37.7500,66.5300
1526,32.2477,70.9579,86.2363,48.2500,72.7500
1527,31.8436,67.8812,82.3675,62.5000,81.7500
1528,31.2974,63.1689,80.6406,51.5000,73.0100
1529,30.7472,59.7618,77.7513,44.7500,70.2300
1530,30.2186,58.4343,74.9850,43.5000,65.0900
1531,30.2354,65.8824,84.4256,32.0000,59.5600
1532,30.2565,69.5174,87.9231,53.2500,83.2700
1533,30.4723,67.0192,83.4212,45.0000,74.9400
1534,30.5146,63.0660,77.1006,37.7500,68.7700
1535,30.5540,60.9282,71.6181,36.7500,60.1700
1536,30.4980,62.3887,74.5144,26.5000,58.7300
1537,30.5426,65.9536,84.7744,23.7500,70.8600
1538,30.6057,67.0511,87.8181,45.2500,76.6000
1539,30.9165,64.6875,82.8200,44.0000,71.4500
1540,32.3502,64.7529,79.1431,49.7500,70.7200
1541,31.8659,63.1699,77.3756,45.2500,62.7700
1542,31.6857,65.5350,82.3600,32.5000,64.0200
1543,31.6668,69.0671,88.0013,48.7500,77.9700
1544,31.4036,67.2703,83.0556,48.7500,74.5800
1545,31.0423,64.9053,79.0581,50.7500,66.9400
1546,30.7341,60.5683,74.7025,35.0000,59.9500
1547,30.5976,59.6507,74.6475,21.7500,56.1800
1548,30.5989,63.5419,85.2956,42.2500,77.8600
1549,30.6350,67.2171,88.1550,51.0000,77.6700
1550,30.5589,67.2560,82.0981,39.2500,68.6500
1551,30.5662,65.6318,77.5656,29.2500,64.9700
1552,30.5311,62.8346,74.0713,35.5000,60.5700
1553,30.8236,61.4979,75.4325,36.0000,68.0800
1554,32.9711,64.4415,87.3550,53.5000,79.0600
1555,32.7918,67.1960,89.9938,60.7500,82.8500
1556,32.3776,66.6017,84.1175,52.2500,76.0100
1557,32.1111,63.4910,76.3737,42.7500,65.4100
1558,31.6963,62.0318,73.5869,42.2500,65.1100
1559,31.4508,64.9525,81.3262,47.5000,74.1800
1560,30.8778,67.7001,87.4613,54.0000,77.7600
1561,30.9360,68.6565,85.1125,39.0000,64.6600
1562,30.3686,64.1785,78.1175,28.5000,62.0500
1563,30.0491,59.4921,76.1569,42.0000,71.3200
1564,29.7399,59.9844,78.5094,37.7500,66.7200
1565,29.6882,62.6383,81.1925,36.2500,69.3300
1566,29.7511,66.2669,81.0113,33.7500,65.2900
1567,29.8720,67.2422,79.2087,29.0000,61.7800
